# Created by FreeCAD <https://www.freecad.org>
v 21.430489 0.000000 5.780652
v 22.038059 0.000000 0.000000
v 21.841425 2.937386 0.000000
v 19.408195 2.790477 23.122608
v 19.607775 -0.000000 23.122608
v 20.215345 0.000000 17.341957
v 21.841425 -2.937386 0.000000
v 19.408195 -2.790477 23.122608
v 21.043211 4.055747 5.780652
v 21.255028 5.822354 0.000000
v 19.895378 7.964908 5.780652
v 20.289337 8.603422 0.000000
v 18.961580 11.230962 0.000000
v 20.446619 3.940763 11.561304
v 20.822916 0.000000 11.561304
v 18.028473 11.586197 5.780652
v 17.295456 13.658085 0.000000
v 19.331327 7.739097 11.561304
v 19.850029 3.825779 17.341957
v 18.813522 5.524148 23.122608
v 15.509974 14.788730 5.780652
v 15.320692 15.841478 0.000000
v 17.517353 11.257719 11.561304
v 18.767279 7.513285 17.341957
v 17.835859 8.145364 23.122608
v 12.430902 17.456760 5.780652
v 13.072530 17.742182 0.000000
v 10.591089 19.326275 0.000000
v 15.070253 14.369458 11.561304
v 17.006231 10.929241 17.341957
v 16.495110 10.600763 23.122608
v 14.818567 12.840362 23.122608
v 8.902547 19.493858 5.780652
v 7.920650 20.565489 0.000000
v 12.078477 16.961847 11.561304
v 14.630534 13.950186 17.341957
v 12.840362 14.818567 23.122608
v 5.052429 20.826397 5.780652
v 5.108866 21.437714 0.000000
v 2.205915 21.927380 0.000000
v 8.650152 18.941191 11.561304
v 11.726051 16.466934 17.341957
v 10.600763 16.495110 23.122608
v 1.019704 21.406214 5.780652
v -0.736401 22.025753 0.000000
v 4.909189 20.235952 11.561304
v 8.397758 18.388525 17.341957
v 8.145364 17.835859 23.122608
v 5.524148 18.813522 23.122608
v -3.049876 21.212357 5.780652
v -3.665576 21.731075 0.000000
v -6.529339 21.048605 0.000000
v 0.990794 20.799332 11.561304
v 4.765948 19.645508 17.341957
v 2.790477 19.408195 23.122608
v -7.009226 20.251829 5.780652
v -9.276586 19.990522 0.000000
v -2.963410 20.610970 11.561304
v 0.961885 20.192450 17.341957
v 0.000000 19.607775 23.122608
v -10.715244 18.559347 5.780652
v -11.858291 18.575710 0.000000
v -6.810509 19.677673 11.561304
v -2.876944 20.009583 17.341957
v -2.790477 19.408195 23.122608
v -5.524148 18.813522 23.122608
v -14.033985 16.196083 5.780652
v -14.228385 16.829412 0.000000
v -16.344572 14.782793 0.000000
v -10.411458 18.033175 11.561304
v -6.611792 19.103518 17.341957
v -8.145364 17.835859 23.122608
v -16.845501 13.247449 5.780652
v -18.169092 12.472376 0.000000
v -13.636110 15.736911 11.561304
v -10.107673 17.507004 17.341957
v -10.600763 16.495110 23.122608
v -19.048178 9.820018 5.780652
v -19.669382 9.939387 0.000000
v -20.818674 7.229031 0.000000
v -16.367918 12.871873 11.561304
v -13.238236 15.277740 17.341957
v -12.840362 14.818567 23.122608
v -14.818567 12.840362 23.122608
v -20.562403 6.037666 5.780652
v -21.596455 4.389672 0.000000
v -18.508146 9.541613 11.561304
v -15.890335 12.496298 17.341957
v -16.495110 10.600763 23.122608
v -21.333448 2.037097 5.780652
v -21.988846 1.471980 0.000000
v -19.979443 5.866494 11.561304
v -17.968117 9.263207 17.341957
v -17.835859 8.145364 23.122608
v -21.333448 -2.037097 5.780652
v -21.988846 -1.471980 0.000000
v -21.596455 -4.389672 0.000000
v -20.728630 1.979344 11.561304
v -19.396482 5.695321 17.341957
v -18.813522 5.524148 23.122608
v -19.408195 2.790477 23.122608
v -20.562403 -6.037666 5.780652
v -20.818674 -7.229031 0.000000
v -20.728630 -1.979344 11.561304
v -20.123810 1.921591 17.341957
v -19.607775 0.000000 23.122608
v -19.048178 -9.820018 5.780652
v -19.669382 -9.939387 0.000000
v -18.169092 -12.472376 0.000000
v -19.979443 -5.866494 11.561304
v -20.123810 -1.921591 17.341957
v -19.408195 -2.790477 23.122608
v -16.845501 -13.247449 5.780652
v -16.344572 -14.782793 0.000000
v -18.508146 -9.541613 11.561304
v -19.396482 -5.695321 17.341957
v -18.813522 -5.524148 23.122608
v -17.835859 -8.145364 23.122608
v -14.033985 -16.196083 5.780652
v -14.228385 -16.829412 0.000000
v -11.858291 -18.575710 0.000000
v -16.367918 -12.871873 11.561304
v -17.968117 -9.263207 17.341957
v -16.495110 -10.600763 23.122608
v -10.715244 -18.559347 5.780652
v -9.276586 -19.990522 0.000000
v -13.636110 -15.736911 11.561304
v -15.890335 -12.496298 17.341957
v -14.818567 -12.840362 23.122608
v -7.009226 -20.251829 5.780652
v -6.529339 -21.048605 0.000000
v -10.411458 -18.033175 11.561304
v -13.238236 -15.277740 17.341957
v -12.840362 -14.818567 23.122608
v -10.600763 -16.495110 23.122608
v -3.049876 -21.212357 5.780652
v -3.665576 -21.731075 0.000000
v -0.736401 -22.025753 0.000000
v -6.810509 -19.677673 11.561304
v -10.107673 -17.507004 17.341957
v -8.145364 -17.835859 23.122608
v 1.019704 -21.406214 5.780652
v 2.205915 -21.927380 0.000000
v -2.963410 -20.610970 11.561304
v -6.611792 -19.103518 17.341957
v -5.524148 -18.813522 23.122608
v 5.052429 -20.826397 5.780652
v 5.108866 -21.437714 0.000000
v 7.920650 -20.565489 0.000000
v 0.990794 -20.799332 11.561304
v -2.876944 -20.009583 17.341957
v -2.790477 -19.408195 23.122608
v -0.000000 -19.607775 23.122608
v 8.902547 -19.493858 5.780652
v 10.591089 -19.326275 0.000000
v 4.909189 -20.235952 11.561304
v 0.961885 -20.192450 17.341957
v 2.790477 -19.408195 23.122608
v 12.430902 -17.456760 5.780652
v 13.072530 -17.742182 0.000000
v 15.320692 -15.841478 0.000000
v 8.650152 -18.941191 11.561304
v 4.765948 -19.645508 17.341957
v 5.524148 -18.813522 23.122608
v 15.509974 -14.788730 5.780652
v 17.295456 -13.658085 0.000000
v 12.078477 -16.961847 11.561304
v 8.397758 -18.388525 17.341957
v 8.145364 -17.835859 23.122608
v 10.600763 -16.495110 23.122608
v 18.028473 -11.586197 5.780652
v 18.961580 -11.230962 0.000000
v 15.070253 -14.369458 11.561304
v 11.726051 -16.466934 17.341957
v 12.840362 -14.818567 23.122608
v 19.895378 -7.964908 5.780652
v 20.289337 -8.603422 0.000000
v 21.255028 -5.822354 0.000000
v 17.517353 -11.257719 11.561304
v 14.630534 -13.950186 17.341957
v 14.818567 -12.840362 23.122608
v 21.043211 -4.055747 5.780652
v 19.331327 -7.739097 11.561304
v 17.006231 -10.929241 17.341957
v 16.495110 -10.600763 23.122608
v 17.835859 -8.145364 23.122608
v 20.446619 -3.940763 11.561304
v 18.767279 -7.513285 17.341957
v 18.813522 -5.524148 23.122608
v 19.850029 -3.825779 17.341957
v 19.293163 -0.000000 24.347942
v 15.301496 -0.000000 27.000000
v 15.103345 -2.454532 27.000000
v 16.553003 -0.000000 26.815193
v 19.096786 2.745703 24.347942
v 18.448111 2.652438 25.430046
v 18.637817 -0.000000 25.430046
v 18.511654 5.435512 24.347942
v 17.517544 2.518642 26.276548
v 17.697681 -0.000000 26.276548
v 17.882854 5.250880 25.430046
v 16.384518 2.355738 26.815193
v 15.103345 2.454532 27.000000
v 17.549679 8.014669 24.347942
v 16.980801 4.986013 26.276548
v 17.083246 8.965980 24.347942
v 16.953554 7.742429 25.430046
v 15.882490 4.663520 26.815193
v 14.514026 4.845494 27.000000
v 16.502968 8.661426 25.430046
v 16.230442 10.430671 24.347942
v 16.098377 7.351882 26.276548
v 15.670518 8.224523 26.276548
v 15.679130 10.076365 25.430046
v 15.057141 6.876366 26.815193
v 13.548801 7.110960 27.000000
v 15.423779 11.590219 24.347942
v 14.656956 7.692564 26.815193
v 14.580799 12.634335 24.347942
v 14.888236 9.568089 26.276548
v 14.899868 11.196525 25.430046
v 14.085523 12.205174 25.430046
v 13.925272 8.949229 26.815193
v 12.232670 9.192255 27.000000
v 14.148283 10.631744 26.276548
v 13.364843 13.914276 24.347942
v 12.634335 14.580799 24.347942
v 13.375014 11.589516 26.276548
v 13.233178 9.944088 26.815193
v 12.910870 13.441640 25.430046
v 12.205174 14.085523 25.430046
v 12.509925 10.839911 26.815193
v 10.599718 11.035476 27.000000
v 12.259614 12.763611 26.276548
v 10.959765 15.877961 24.347942
v 11.589516 13.375014 26.276548
v 11.466668 11.938066 26.815193
v 10.587487 15.338623 25.430046
v 10.839911 12.509925 26.815193
v 8.692240 12.592884 27.000000
v 10.053429 14.564905 26.276548
v 8.270835 17.430416 24.347942
v 9.403177 13.622854 26.815193
v 7.989894 16.838345 25.430046
v 7.586864 15.988977 26.276548
v 5.435512 18.511654 24.347942
v 7.096149 14.954818 26.815193
v 6.559637 13.824142 27.000000
v 5.250880 17.882854 25.430046
v 2.745703 19.096786 24.347942
v 4.986013 16.980801 26.276548
v 2.652438 18.448111 25.430046
v 4.663520 15.882490 26.815193
v 4.257143 14.697363 27.000000
v 0.000000 19.293163 24.347942
v 2.518642 17.517544 26.276548
v -0.776857 19.277515 24.347942
v 0.000000 18.637817 25.430046
v 2.355738 16.384518 26.815193
v 1.844391 15.189930 27.000000
v -0.750469 18.622702 25.430046
v -2.745703 19.096786 24.347942
v 0.000000 17.697681 26.276548
v -0.712614 17.683329 26.276548
v -3.859128 18.903261 24.347942
v -2.652438 18.448111 25.430046
v 0.000000 16.553003 26.815193
v -0.616129 15.289085 27.000000
v -0.666522 16.539577 26.815193
v -3.728042 18.261160 25.430046
v -5.435512 18.511654 24.347942
v -2.518642 17.517544 26.276548
v -3.539991 17.340021 26.276548
v -5.250880 17.882854 25.430046
v -2.355738 16.384518 26.815193
v -3.060692 14.992262 27.000000
v -6.841450 18.039421 24.347942
v -3.311026 16.218477 26.815193
v -8.014669 17.549679 24.347942
v -4.986013 16.980801 26.276548
v -6.609061 17.426662 25.430046
v -7.742429 16.953554 25.430046
v -4.663520 15.882490 26.815193
v -5.425985 14.307146 27.000000
v -6.275684 16.547619 26.276548
v -9.646582 16.708368 24.347942
v -10.430671 16.230442 24.347942
v -7.351882 16.098377 26.276548
v -5.869776 15.477326 26.815193
v -9.318909 16.140823 25.430046
v -10.076365 15.679130 25.430046
v -6.876366 15.057141 26.815193
v -7.650748 13.251484 27.000000
v -8.848841 15.326641 26.276548
v -12.201872 14.944579 24.347942
v -9.568089 14.888236 26.276548
v -8.276502 14.335320 26.815193
v -11.787401 14.436946 25.430046
v -8.949229 13.925272 26.815193
v -9.677360 11.852614 27.000000
v -11.192816 13.708712 26.276548
v -14.441139 12.793734 24.347942
v -10.468870 12.822038 26.815193
v -13.950606 12.359159 25.430046
v -13.246904 11.735733 26.276548
v -16.230442 10.430671 24.347942
v -12.390100 10.976671 26.815193
v -11.453334 10.146769 27.000000
v -15.679130 10.076365 25.430046
v -17.549679 8.014669 24.347942
v -14.888236 9.568089 26.276548
v -16.953554 7.742429 25.430046
v -13.925272 8.949229 26.815193
v -12.932672 8.178126 27.000000
v -18.511654 5.435512 24.347942
v -16.098377 7.351882 26.276548
v -18.732538 4.617156 24.347942
v -17.882854 5.250880 25.430046
v -15.057141 6.876366 26.815193
v -14.077061 5.997675 27.000000
v -18.096237 4.460322 25.430046
v -19.096786 2.745703 24.347942
v -16.980801 4.986013 26.276548
v -17.183418 4.235332 26.276548
v -19.230600 1.552455 24.347942
v -18.448111 2.652438 25.430046
v -15.882490 4.663520 26.815193
v -14.856861 3.661887 27.000000
v -16.072002 3.961393 26.815193
v -18.577381 1.499721 25.430046
v -19.293163 0.000000 24.347942
v -17.517544 2.518642 26.276548
v -17.640293 1.424072 26.276548
v -18.637817 0.000000 25.430046
v -16.384518 2.355738 26.815193
v -15.251877 1.231259 27.000000
v -19.230600 -1.552455 24.347942
v -16.499327 1.331963 26.815193
v -19.096786 -2.745703 24.347942
v -17.697681 0.000000 26.276548
v -18.577381 -1.499721 25.430046
v -18.448111 -2.652438 25.430046
v -16.553003 0.000000 26.815193
v -15.251877 -1.231259 27.000000
v -17.640293 -1.424072 26.276548
v -18.732538 -4.617156 24.347942
v -18.511654 -5.435512 24.347942
v -17.517544 -2.518642 26.276548
v -16.499327 -1.331963 26.815193
v -18.096237 -4.460322 25.430046
v -17.882854 -5.250880 25.430046
v -16.384518 -2.355738 26.815193
v -14.856861 -3.661887 27.000000
v -17.183418 -4.235332 26.276548
v -17.749313 -7.562275 24.347942
v -16.980801 -4.986013 26.276548
v -16.072002 -3.961393 26.815193
v -17.146408 -7.305402 25.430046
v -15.882490 -4.663520 26.815193
v -14.077061 -5.997675 27.000000
v -16.281502 -6.936900 26.276548
v -16.306389 -10.311536 24.347942
v -15.228422 -6.488225 26.815193
v -15.752499 -9.961276 25.430046
v -14.957904 -9.458805 26.276548
v -14.580799 -12.634335 24.347942
v -13.990434 -8.847014 26.815193
v -12.932672 -8.178126 27.000000
v -14.085523 -12.205174 25.430046
v -12.634335 -14.580799 24.347942
v -13.375014 -11.589516 26.276548
v -12.205174 -14.085523 25.430046
v -12.509925 -10.839911 26.815193
v -11.453334 -10.146769 27.000000
v -10.430671 -16.230442 24.347942
v -11.589516 -13.375014 26.276548
v -9.646582 -16.708368 24.347942
v -10.076365 -15.679130 25.430046
v -10.839911 -12.509925 26.815193
v -9.677360 -11.852614 27.000000
v -9.318909 -16.140823 25.430046
v -8.014669 -17.549679 24.347942
v -9.568089 -14.888236 26.276548
v -8.848841 -15.326641 26.276548
v -6.841450 -18.039421 24.347942
v -7.742429 -16.953554 25.430046
v -8.949229 -13.925272 26.815193
v -7.650748 -13.251484 27.000000
v -8.276502 -14.335320 26.815193
v -6.609061 -17.426662 25.430046
v -5.435512 -18.511654 24.347942
v -7.351882 -16.098377 26.276548
v -6.275684 -16.547619 26.276548
v -5.250880 -17.882854 25.430046
v -6.876366 -15.057141 26.815193
v -5.425985 -14.307146 27.000000
v -3.859128 -18.903261 24.347942
v -5.869776 -15.477326 26.815193
v -2.745703 -19.096786 24.347942
v -4.986013 -16.980801 26.276548
v -3.728042 -18.261160 25.430046
v -2.652438 -18.448111 25.430046
v -4.663520 -15.882490 26.815193
v -3.060692 -14.992262 27.000000
v -3.539991 -17.340021 26.276548
v -0.776857 -19.277515 24.347942
v -0.000000 -19.293163 24.347942
v -2.518642 -17.517544 26.276548
v -3.311026 -16.218477 26.815193
v -0.750469 -18.622702 25.430046
v -0.000000 -18.637817 25.430046
v -2.355738 -16.384518 26.815193
v -0.616129 -15.289085 27.000000
v -0.712614 -17.683329 26.276548
v 2.325534 -19.152494 24.347942
v -0.000000 -17.697681 26.276548
v -0.666522 -16.539577 26.815193
v 2.246541 -18.501926 25.430046
v -0.000000 -16.553003 26.815193
v 1.844391 -15.189930 27.000000
v 2.133220 -17.568645 26.276548
v 5.367695 -18.531431 24.347942
v 1.995244 -16.432312 26.815193
v 5.185366 -17.901960 25.430046
v 4.923804 -16.998943 26.276548
v 8.014669 -17.549679 24.347942
v 4.605334 -15.899459 26.815193
v 4.257143 -14.697363 27.000000
v 7.742429 -16.953554 25.430046
v 10.430671 -16.230442 24.347942
v 7.351882 -16.098377 26.276548
v 10.076365 -15.679130 25.430046
v 6.876366 -15.057141 26.815193
v 6.559637 -13.824142 27.000000
v 12.634335 -14.580799 24.347942
v 9.568089 -14.888236 26.276548
v 13.364843 -13.914276 24.347942
v 12.205174 -14.085523 25.430046
v 8.949229 -13.925272 26.815193
v 8.692240 -12.592884 27.000000
v 12.910870 -13.441640 25.430046
v 14.580799 -12.634335 24.347942
v 11.589516 -13.375014 26.276548
v 12.259614 -12.763611 26.276548
v 15.423779 -11.590219 24.347942
v 14.085523 -12.205174 25.430046
v 10.839911 -12.509925 26.815193
v 10.599718 -11.035476 27.000000
v 11.466668 -11.938066 26.815193
v 14.899868 -11.196525 25.430046
v 16.230442 -10.430671 24.347942
v 13.375014 -11.589516 26.276548
v 14.148283 -10.631744 26.276548
v 15.679130 -10.076365 25.430046
v 12.509925 -10.839911 26.815193
v 12.232670 -9.192255 27.000000
v 17.083246 -8.965980 24.347942
v 13.233178 -9.944088 26.815193
v 17.549679 -8.014669 24.347942
v 14.888236 -9.568089 26.276548
v 16.502968 -8.661426 25.430046
v 16.953554 -7.742429 25.430046
v 13.925272 -8.949229 26.815193
v 13.548801 -7.110960 27.000000
v 15.670518 -8.224523 26.276548
v 18.300268 -6.109527 24.347942
v 16.098377 -7.351882 26.276548
v 14.656956 -7.692564 26.815193
v 17.678650 -5.902000 25.430046
v 15.057141 -6.876366 26.815193
v 14.514026 -4.845494 27.000000
v 16.786896 -5.604289 26.276548
v 19.043322 -3.094841 24.347942
v 15.701126 -5.241806 26.815193
v 18.396463 -2.989716 25.430046
v 17.468500 -2.838908 26.276548
v 16.338646 -2.655288 26.815193
v 21.430489 0.000000 5.780652
v 22.038059 0.000000 0.000000
v 21.841425 2.937386 0.000000
v 19.408195 2.790477 23.122608
v 19.607775 -0.000000 23.122608
v 20.215345 0.000000 17.341957
v 21.841425 -2.937386 0.000000
v 19.408195 -2.790477 23.122608
v 21.043211 4.055747 5.780652
v 21.255028 5.822354 0.000000
v 19.895378 7.964908 5.780652
v 20.289337 8.603422 0.000000
v 18.961580 11.230962 0.000000
v 20.446619 3.940763 11.561304
v 20.822916 0.000000 11.561304
v 18.028473 11.586197 5.780652
v 17.295456 13.658085 0.000000
v 19.331327 7.739097 11.561304
v 19.850029 3.825779 17.341957
v 18.813522 5.524148 23.122608
v 15.509974 14.788730 5.780652
v 15.320692 15.841478 0.000000
v 17.517353 11.257719 11.561304
v 18.767279 7.513285 17.341957
v 17.835859 8.145364 23.122608
v 12.430902 17.456760 5.780652
v 13.072530 17.742182 0.000000
v 10.591089 19.326275 0.000000
v 15.070253 14.369458 11.561304
v 17.006231 10.929241 17.341957
v 16.495110 10.600763 23.122608
v 14.818567 12.840362 23.122608
v 8.902547 19.493858 5.780652
v 7.920650 20.565489 0.000000
v 12.078477 16.961847 11.561304
v 14.630534 13.950186 17.341957
v 12.840362 14.818567 23.122608
v 5.052429 20.826397 5.780652
v 5.108866 21.437714 0.000000
v 2.205915 21.927380 0.000000
v 8.650152 18.941191 11.561304
v 11.726051 16.466934 17.341957
v 10.600763 16.495110 23.122608
v 1.019704 21.406214 5.780652
v -0.736401 22.025753 0.000000
v 4.909189 20.235952 11.561304
v 8.397758 18.388525 17.341957
v 8.145364 17.835859 23.122608
v 5.524148 18.813522 23.122608
v -3.049876 21.212357 5.780652
v -3.665576 21.731075 0.000000
v -6.529339 21.048605 0.000000
v 0.990794 20.799332 11.561304
v 4.765948 19.645508 17.341957
v 2.790477 19.408195 23.122608
v -7.009226 20.251829 5.780652
v -9.276586 19.990522 0.000000
v -2.963410 20.610970 11.561304
v 0.961885 20.192450 17.341957
v 0.000000 19.607775 23.122608
v -10.715244 18.559347 5.780652
v -11.858291 18.575710 0.000000
v -6.810509 19.677673 11.561304
v -2.876944 20.009583 17.341957
v -2.790477 19.408195 23.122608
v -5.524148 18.813522 23.122608
v -14.033985 16.196083 5.780652
v -14.228385 16.829412 0.000000
v -16.344572 14.782793 0.000000
v -10.411458 18.033175 11.561304
v -6.611792 19.103518 17.341957
v -8.145364 17.835859 23.122608
v -16.845501 13.247449 5.780652
v -18.169092 12.472376 0.000000
v -13.636110 15.736911 11.561304
v -10.107673 17.507004 17.341957
v -10.600763 16.495110 23.122608
v -19.048178 9.820018 5.780652
v -19.669382 9.939387 0.000000
v -20.818674 7.229031 0.000000
v -16.367918 12.871873 11.561304
v -13.238236 15.277740 17.341957
v -12.840362 14.818567 23.122608
v -14.818567 12.840362 23.122608
v -20.562403 6.037666 5.780652
v -21.596455 4.389672 0.000000
v -18.508146 9.541613 11.561304
v -15.890335 12.496298 17.341957
v -16.495110 10.600763 23.122608
v -21.333448 2.037097 5.780652
v -21.988846 1.471980 0.000000
v -19.979443 5.866494 11.561304
v -17.968117 9.263207 17.341957
v -17.835859 8.145364 23.122608
v -21.333448 -2.037097 5.780652
v -21.988846 -1.471980 0.000000
v -21.596455 -4.389672 0.000000
v -20.728630 1.979344 11.561304
v -19.396482 5.695321 17.341957
v -18.813522 5.524148 23.122608
v -19.408195 2.790477 23.122608
v -20.562403 -6.037666 5.780652
v -20.818674 -7.229031 0.000000
v -20.728630 -1.979344 11.561304
v -20.123810 1.921591 17.341957
v -19.607775 0.000000 23.122608
v -19.048178 -9.820018 5.780652
v -19.669382 -9.939387 0.000000
v -18.169092 -12.472376 0.000000
v -19.979443 -5.866494 11.561304
v -20.123810 -1.921591 17.341957
v -19.408195 -2.790477 23.122608
v -16.845501 -13.247449 5.780652
v -16.344572 -14.782793 0.000000
v -18.508146 -9.541613 11.561304
v -19.396482 -5.695321 17.341957
v -18.813522 -5.524148 23.122608
v -17.835859 -8.145364 23.122608
v -14.033985 -16.196083 5.780652
v -14.228385 -16.829412 0.000000
v -11.858291 -18.575710 0.000000
v -16.367918 -12.871873 11.561304
v -17.968117 -9.263207 17.341957
v -16.495110 -10.600763 23.122608
v -10.715244 -18.559347 5.780652
v -9.276586 -19.990522 0.000000
v -13.636110 -15.736911 11.561304
v -15.890335 -12.496298 17.341957
v -14.818567 -12.840362 23.122608
v -7.009226 -20.251829 5.780652
v -6.529339 -21.048605 0.000000
v -10.411458 -18.033175 11.561304
v -13.238236 -15.277740 17.341957
v -12.840362 -14.818567 23.122608
v -10.600763 -16.495110 23.122608
v -3.049876 -21.212357 5.780652
v -3.665576 -21.731075 0.000000
v -0.736401 -22.025753 0.000000
v -6.810509 -19.677673 11.561304
v -10.107673 -17.507004 17.341957
v -8.145364 -17.835859 23.122608
v 1.019704 -21.406214 5.780652
v 2.205915 -21.927380 0.000000
v -2.963410 -20.610970 11.561304
v -6.611792 -19.103518 17.341957
v -5.524148 -18.813522 23.122608
v 5.052429 -20.826397 5.780652
v 5.108866 -21.437714 0.000000
v 7.920650 -20.565489 0.000000
v 0.990794 -20.799332 11.561304
v -2.876944 -20.009583 17.341957
v -2.790477 -19.408195 23.122608
v -0.000000 -19.607775 23.122608
v 8.902547 -19.493858 5.780652
v 10.591089 -19.326275 0.000000
v 4.909189 -20.235952 11.561304
v 0.961885 -20.192450 17.341957
v 2.790477 -19.408195 23.122608
v 12.430902 -17.456760 5.780652
v 13.072530 -17.742182 0.000000
v 15.320692 -15.841478 0.000000
v 8.650152 -18.941191 11.561304
v 4.765948 -19.645508 17.341957
v 5.524148 -18.813522 23.122608
v 15.509974 -14.788730 5.780652
v 17.295456 -13.658085 0.000000
v 12.078477 -16.961847 11.561304
v 8.397758 -18.388525 17.341957
v 8.145364 -17.835859 23.122608
v 10.600763 -16.495110 23.122608
v 18.028473 -11.586197 5.780652
v 18.961580 -11.230962 0.000000
v 15.070253 -14.369458 11.561304
v 11.726051 -16.466934 17.341957
v 12.840362 -14.818567 23.122608
v 19.895378 -7.964908 5.780652
v 20.289337 -8.603422 0.000000
v 21.255028 -5.822354 0.000000
v 17.517353 -11.257719 11.561304
v 14.630534 -13.950186 17.341957
v 14.818567 -12.840362 23.122608
v 21.043211 -4.055747 5.780652
v 19.331327 -7.739097 11.561304
v 17.006231 -10.929241 17.341957
v 16.495110 -10.600763 23.122608
v 17.835859 -8.145364 23.122608
v 20.446619 -3.940763 11.561304
v 18.767279 -7.513285 17.341957
v 18.813522 -5.524148 23.122608
v 19.850029 -3.825779 17.341957
v 19.293163 -0.000000 24.347942
v 15.301496 -0.000000 27.000000
v 15.103345 -2.454532 27.000000
v 16.553003 -0.000000 26.815193
v 19.096786 2.745703 24.347942
v 18.448111 2.652438 25.430046
v 18.637817 -0.000000 25.430046
v 18.511654 5.435512 24.347942
v 17.517544 2.518642 26.276548
v 17.697681 -0.000000 26.276548
v 17.882854 5.250880 25.430046
v 16.384518 2.355738 26.815193
v 15.103345 2.454532 27.000000
v 17.549679 8.014669 24.347942
v 16.980801 4.986013 26.276548
v 17.083246 8.965980 24.347942
v 16.953554 7.742429 25.430046
v 15.882490 4.663520 26.815193
v 14.514026 4.845494 27.000000
v 16.502968 8.661426 25.430046
v 16.230442 10.430671 24.347942
v 16.098377 7.351882 26.276548
v 15.670518 8.224523 26.276548
v 15.679130 10.076365 25.430046
v 15.057141 6.876366 26.815193
v 13.548801 7.110960 27.000000
v 15.423779 11.590219 24.347942
v 14.656956 7.692564 26.815193
v 14.580799 12.634335 24.347942
v 14.888236 9.568089 26.276548
v 14.899868 11.196525 25.430046
v 14.085523 12.205174 25.430046
v 13.925272 8.949229 26.815193
v 12.232670 9.192255 27.000000
v 14.148283 10.631744 26.276548
v 13.364843 13.914276 24.347942
v 12.634335 14.580799 24.347942
v 13.375014 11.589516 26.276548
v 13.233178 9.944088 26.815193
v 12.910870 13.441640 25.430046
v 12.205174 14.085523 25.430046
v 12.509925 10.839911 26.815193
v 10.599718 11.035476 27.000000
v 12.259614 12.763611 26.276548
v 10.959765 15.877961 24.347942
v 11.589516 13.375014 26.276548
v 11.466668 11.938066 26.815193
v 10.587487 15.338623 25.430046
v 10.839911 12.509925 26.815193
v 8.692240 12.592884 27.000000
v 10.053429 14.564905 26.276548
v 8.270835 17.430416 24.347942
v 9.403177 13.622854 26.815193
v 7.989894 16.838345 25.430046
v 7.586864 15.988977 26.276548
v 5.435512 18.511654 24.347942
v 7.096149 14.954818 26.815193
v 6.559637 13.824142 27.000000
v 5.250880 17.882854 25.430046
v 2.745703 19.096786 24.347942
v 4.986013 16.980801 26.276548
v 2.652438 18.448111 25.430046
v 4.663520 15.882490 26.815193
v 4.257143 14.697363 27.000000
v 0.000000 19.293163 24.347942
v 2.518642 17.517544 26.276548
v -0.776857 19.277515 24.347942
v 0.000000 18.637817 25.430046
v 2.355738 16.384518 26.815193
v 1.844391 15.189930 27.000000
v -0.750469 18.622702 25.430046
v -2.745703 19.096786 24.347942
v 0.000000 17.697681 26.276548
v -0.712614 17.683329 26.276548
v -3.859128 18.903261 24.347942
v -2.652438 18.448111 25.430046
v 0.000000 16.553003 26.815193
v -0.616129 15.289085 27.000000
v -0.666522 16.539577 26.815193
v -3.728042 18.261160 25.430046
v -5.435512 18.511654 24.347942
v -2.518642 17.517544 26.276548
v -3.539991 17.340021 26.276548
v -5.250880 17.882854 25.430046
v -2.355738 16.384518 26.815193
v -3.060692 14.992262 27.000000
v -6.841450 18.039421 24.347942
v -3.311026 16.218477 26.815193
v -8.014669 17.549679 24.347942
v -4.986013 16.980801 26.276548
v -6.609061 17.426662 25.430046
v -7.742429 16.953554 25.430046
v -4.663520 15.882490 26.815193
v -5.425985 14.307146 27.000000
v -6.275684 16.547619 26.276548
v -9.646582 16.708368 24.347942
v -10.430671 16.230442 24.347942
v -7.351882 16.098377 26.276548
v -5.869776 15.477326 26.815193
v -9.318909 16.140823 25.430046
v -10.076365 15.679130 25.430046
v -6.876366 15.057141 26.815193
v -7.650748 13.251484 27.000000
v -8.848841 15.326641 26.276548
v -12.201872 14.944579 24.347942
v -9.568089 14.888236 26.276548
v -8.276502 14.335320 26.815193
v -11.787401 14.436946 25.430046
v -8.949229 13.925272 26.815193
v -9.677360 11.852614 27.000000
v -11.192816 13.708712 26.276548
v -14.441139 12.793734 24.347942
v -10.468870 12.822038 26.815193
v -13.950606 12.359159 25.430046
v -13.246904 11.735733 26.276548
v -16.230442 10.430671 24.347942
v -12.390100 10.976671 26.815193
v -11.453334 10.146769 27.000000
v -15.679130 10.076365 25.430046
v -17.549679 8.014669 24.347942
v -14.888236 9.568089 26.276548
v -16.953554 7.742429 25.430046
v -13.925272 8.949229 26.815193
v -12.932672 8.178126 27.000000
v -18.511654 5.435512 24.347942
v -16.098377 7.351882 26.276548
v -18.732538 4.617156 24.347942
v -17.882854 5.250880 25.430046
v -15.057141 6.876366 26.815193
v -14.077061 5.997675 27.000000
v -18.096237 4.460322 25.430046
v -19.096786 2.745703 24.347942
v -16.980801 4.986013 26.276548
v -17.183418 4.235332 26.276548
v -19.230600 1.552455 24.347942
v -18.448111 2.652438 25.430046
v -15.882490 4.663520 26.815193
v -14.856861 3.661887 27.000000
v -16.072002 3.961393 26.815193
v -18.577381 1.499721 25.430046
v -19.293163 0.000000 24.347942
v -17.517544 2.518642 26.276548
v -17.640293 1.424072 26.276548
v -18.637817 0.000000 25.430046
v -16.384518 2.355738 26.815193
v -15.251877 1.231259 27.000000
v -19.230600 -1.552455 24.347942
v -16.499327 1.331963 26.815193
v -19.096786 -2.745703 24.347942
v -17.697681 0.000000 26.276548
v -18.577381 -1.499721 25.430046
v -18.448111 -2.652438 25.430046
v -16.553003 0.000000 26.815193
v -15.251877 -1.231259 27.000000
v -17.640293 -1.424072 26.276548
v -18.732538 -4.617156 24.347942
v -18.511654 -5.435512 24.347942
v -17.517544 -2.518642 26.276548
v -16.499327 -1.331963 26.815193
v -18.096237 -4.460322 25.430046
v -17.882854 -5.250880 25.430046
v -16.384518 -2.355738 26.815193
v -14.856861 -3.661887 27.000000
v -17.183418 -4.235332 26.276548
v -17.749313 -7.562275 24.347942
v -16.980801 -4.986013 26.276548
v -16.072002 -3.961393 26.815193
v -17.146408 -7.305402 25.430046
v -15.882490 -4.663520 26.815193
v -14.077061 -5.997675 27.000000
v -16.281502 -6.936900 26.276548
v -16.306389 -10.311536 24.347942
v -15.228422 -6.488225 26.815193
v -15.752499 -9.961276 25.430046
v -14.957904 -9.458805 26.276548
v -14.580799 -12.634335 24.347942
v -13.990434 -8.847014 26.815193
v -12.932672 -8.178126 27.000000
v -14.085523 -12.205174 25.430046
v -12.634335 -14.580799 24.347942
v -13.375014 -11.589516 26.276548
v -12.205174 -14.085523 25.430046
v -12.509925 -10.839911 26.815193
v -11.453334 -10.146769 27.000000
v -10.430671 -16.230442 24.347942
v -11.589516 -13.375014 26.276548
v -9.646582 -16.708368 24.347942
v -10.076365 -15.679130 25.430046
v -10.839911 -12.509925 26.815193
v -9.677360 -11.852614 27.000000
v -9.318909 -16.140823 25.430046
v -8.014669 -17.549679 24.347942
v -9.568089 -14.888236 26.276548
v -8.848841 -15.326641 26.276548
v -6.841450 -18.039421 24.347942
v -7.742429 -16.953554 25.430046
v -8.949229 -13.925272 26.815193
v -7.650748 -13.251484 27.000000
v -8.276502 -14.335320 26.815193
v -6.609061 -17.426662 25.430046
v -5.435512 -18.511654 24.347942
v -7.351882 -16.098377 26.276548
v -6.275684 -16.547619 26.276548
v -5.250880 -17.882854 25.430046
v -6.876366 -15.057141 26.815193
v -5.425985 -14.307146 27.000000
v -3.859128 -18.903261 24.347942
v -5.869776 -15.477326 26.815193
v -2.745703 -19.096786 24.347942
v -4.986013 -16.980801 26.276548
v -3.728042 -18.261160 25.430046
v -2.652438 -18.448111 25.430046
v -4.663520 -15.882490 26.815193
v -3.060692 -14.992262 27.000000
v -3.539991 -17.340021 26.276548
v -0.776857 -19.277515 24.347942
v -0.000000 -19.293163 24.347942
v -2.518642 -17.517544 26.276548
v -3.311026 -16.218477 26.815193
v -0.750469 -18.622702 25.430046
v -0.000000 -18.637817 25.430046
v -2.355738 -16.384518 26.815193
v -0.616129 -15.289085 27.000000
v -0.712614 -17.683329 26.276548
v 2.325534 -19.152494 24.347942
v -0.000000 -17.697681 26.276548
v -0.666522 -16.539577 26.815193
v 2.246541 -18.501926 25.430046
v -0.000000 -16.553003 26.815193
v 1.844391 -15.189930 27.000000
v 2.133220 -17.568645 26.276548
v 5.367695 -18.531431 24.347942
v 1.995244 -16.432312 26.815193
v 5.185366 -17.901960 25.430046
v 4.923804 -16.998943 26.276548
v 8.014669 -17.549679 24.347942
v 4.605334 -15.899459 26.815193
v 4.257143 -14.697363 27.000000
v 7.742429 -16.953554 25.430046
v 10.430671 -16.230442 24.347942
v 7.351882 -16.098377 26.276548
v 10.076365 -15.679130 25.430046
v 6.876366 -15.057141 26.815193
v 6.559637 -13.824142 27.000000
v 12.634335 -14.580799 24.347942
v 9.568089 -14.888236 26.276548
v 13.364843 -13.914276 24.347942
v 12.205174 -14.085523 25.430046
v 8.949229 -13.925272 26.815193
v 8.692240 -12.592884 27.000000
v 12.910870 -13.441640 25.430046
v 14.580799 -12.634335 24.347942
v 11.589516 -13.375014 26.276548
v 12.259614 -12.763611 26.276548
v 15.423779 -11.590219 24.347942
v 14.085523 -12.205174 25.430046
v 10.839911 -12.509925 26.815193
v 10.599718 -11.035476 27.000000
v 11.466668 -11.938066 26.815193
v 14.899868 -11.196525 25.430046
v 16.230442 -10.430671 24.347942
v 13.375014 -11.589516 26.276548
v 14.148283 -10.631744 26.276548
v 15.679130 -10.076365 25.430046
v 12.509925 -10.839911 26.815193
v 12.232670 -9.192255 27.000000
v 17.083246 -8.965980 24.347942
v 13.233178 -9.944088 26.815193
v 17.549679 -8.014669 24.347942
v 14.888236 -9.568089 26.276548
v 16.502968 -8.661426 25.430046
v 16.953554 -7.742429 25.430046
v 13.925272 -8.949229 26.815193
v 13.548801 -7.110960 27.000000
v 15.670518 -8.224523 26.276548
v 18.300268 -6.109527 24.347942
v 16.098377 -7.351882 26.276548
v 14.656956 -7.692564 26.815193
v 17.678650 -5.902000 25.430046
v 15.057141 -6.876366 26.815193
v 14.514026 -4.845494 27.000000
v 16.786896 -5.604289 26.276548
v 19.043322 -3.094841 24.347942
v 15.701126 -5.241806 26.815193
v 18.396463 -2.989716 25.430046
v 17.468500 -2.838908 26.276548
v 16.338646 -2.655288 26.815193
vn 0.992325 0.066428 0.104298
vn 0.992016 0.070950 0.104265
vn 0.992325 -0.066428 0.104298
vn 0.992016 -0.070950 0.104265
vn 0.988490 0.094389 0.118233
vn 0.975404 0.198260 0.096331
vn 0.952516 0.279684 0.120376
vn 0.939924 0.326377 0.100108
vn 0.887105 0.448275 0.109973
vn 0.990067 0.094540 0.104060
vn 0.990067 0.094540 0.104061
vn 0.990068 0.094540 0.104060
vn 0.882984 0.455210 0.114557
vn 0.820487 0.563232 0.097830
vn 0.954284 0.280203 0.104060
vn 0.884010 0.455739 0.104060
vn 0.954284 0.280203 0.104060
vn 0.954284 0.280203 0.104060
vn 0.970994 0.211227 0.112046
vn 0.991185 0.094646 0.092710
vn 0.990068 0.094540 0.104060
vn 0.738125 0.667595 0.097411
vn 0.780279 0.613618 0.120988
vn 0.884010 0.455739 0.104060
vn 0.781786 0.614803 0.104060
vn 0.931050 0.347264 0.112046
vn 0.954284 0.280203 0.104060
vn 0.955692 0.280617 0.088916
vn 0.641801 0.759126 0.108719
vn 0.535340 0.838597 0.100826
vn 0.650485 0.750699 0.115415
vn 0.781785 0.614803 0.104060
vn 0.872895 0.476637 0.104265
vn 0.796178 0.596011 0.104265
vn 0.885007 0.456253 0.092710
vn 0.884010 0.455739 0.104060
vn 0.884010 0.455738 0.104060
vn 0.418982 0.902883 0.096211
vn 0.496383 0.859760 0.120070
vn 0.651305 0.751647 0.104060
vn 0.651306 0.751647 0.104060
vn 0.702654 0.702654 0.112046
vn 0.782668 0.615497 0.092710
vn 0.781786 0.614803 0.104060
vn 0.651305 0.751647 0.104060
vn 0.781786 0.614803 0.104060
vn 0.294690 0.949989 0.103340
vn 0.165404 0.980587 0.105314
vn 0.324752 0.938310 0.118784
vn 0.497286 0.861324 0.104061
vn 0.497285 0.861324 0.104060
vn 0.595504 0.795500 0.112046
vn 0.652267 0.752756 0.088916
vn 0.651305 0.751647 0.104060
vn 0.141327 0.982951 0.117621
vn 0.033259 0.994776 0.096511
vn 0.141542 0.984448 0.104060
vn 0.325292 0.939870 0.104060
vn 0.325293 0.939870 0.104061
vn 0.476637 0.872895 0.104265
vn 0.347560 0.931843 0.104265
vn 0.497286 0.861324 0.104060
vn 0.497847 0.862296 0.092710
vn 0.497285 0.861324 0.104060
vn 0.325293 0.939870 0.104060
vn -0.099599 0.990045 0.099449
vn -0.230381 0.966716 0.111285
vn -0.047234 0.991574 0.120621
vn 0.141542 0.984448 0.104060
vn 0.211227 0.970994 0.112046
vn 0.325660 0.940931 0.092710
vn 0.325293 0.939870 0.104060
vn -0.357667 0.928660 0.098310
vn -0.234232 0.965517 0.113637
vn -0.047324 0.993445 0.104060
vn -0.047323 0.993445 0.104060
vn 0.070890 0.991171 0.112046
vn 0.141751 0.985901 0.088916
vn 0.141542 0.984448 0.104060
vn 0.141542 0.984448 0.104060
vn -0.412367 0.902957 0.120927
vn -0.478313 0.872810 0.097051
vn -0.234479 0.966536 0.104060
vn -0.234479 0.966536 0.104060
vn -0.413160 0.904694 0.104060
vn -0.047324 0.993444 0.104060
vn -0.070950 0.992016 0.104265
vn -0.211407 0.971821 0.104265
vn -0.047377 0.994565 0.092710
vn -0.047324 0.993445 0.104060
vn -0.589741 0.800403 0.107525
vn -0.691595 0.715103 0.101605
vn -0.576127 0.809057 0.116211
vn -0.413160 0.904694 0.104060
vn -0.347264 0.931050 0.112046
vn -0.234479 0.966536 0.104060
vn -0.234479 0.966536 0.104060
vn -0.234744 0.967626 0.092710
vn -0.718530 0.685117 0.119702
vn -0.781163 0.616879 0.096151
vn -0.576908 0.810154 0.104060
vn -0.576908 0.810154 0.104060
vn -0.413160 0.904694 0.104060
vn -0.476231 0.872152 0.112046
vn -0.413769 0.906029 0.088916
vn -0.413159 0.904694 0.104060
vn -0.835248 0.536781 0.119274
vn -0.855875 0.506935 0.102443
vn -0.915425 0.388174 0.106390
vn -0.719805 0.686332 0.104060
vn -0.719805 0.686332 0.104060
vn -0.576908 0.810154 0.104060
vn -0.719805 0.686333 0.104060
vn -0.596011 0.796178 0.104265
vn -0.703253 0.703253 0.104265
vn -0.576908 0.810154 0.104060
vn -0.577559 0.811068 0.092710
vn -0.921998 0.369112 0.116947
vn -0.959945 0.262956 0.096751
vn -0.836686 0.537706 0.104060
vn -0.836686 0.537706 0.104060
vn -0.720617 0.687107 0.092710
vn -0.795500 0.595504 0.112046
vn -0.719805 0.686333 0.104060
vn -0.974737 0.187865 0.120804
vn -0.986224 0.132634 0.098849
vn -0.923328 0.369645 0.104060
vn -0.976598 0.188224 0.104060
vn -0.923328 0.369645 0.104060
vn -0.836686 0.537706 0.104060
vn -0.836686 0.537706 0.104060
vn -0.837921 0.538500 0.088916
vn -0.872152 0.476231 0.112046
vn -0.993634 0.000000 0.112656
vn -0.993634 0.000000 0.112656
vn -0.986224 -0.132634 0.098849
vn -0.976598 0.188224 0.104060
vn -0.923328 0.369645 0.104060
vn -0.923328 0.369645 0.104060
vn -0.976598 0.188224 0.104060
vn -0.931843 0.347560 0.104265
vn -0.971821 0.211406 0.104265
vn -0.924370 0.370062 0.092710
vn -0.974737 -0.187865 0.120804
vn -0.959945 -0.262956 0.096751
vn -0.994571 0.000000 0.104060
vn -0.994571 0.000000 0.104060
vn -0.991171 0.070890 0.112046
vn -0.976598 0.188224 0.104060
vn -0.977700 0.188436 0.092710
vn -0.921998 -0.369112 0.116947
vn -0.915425 -0.388174 0.106390
vn -0.855875 -0.506935 0.102443
vn -0.976598 -0.188224 0.104060
vn -0.976598 -0.188224 0.104060
vn -0.996039 0.000000 0.088916
vn -0.991171 -0.070890 0.112046
vn -0.994571 0.000000 0.104060
vn -0.994571 0.000000 0.104060
vn -0.835248 -0.536781 0.119274
vn -0.781163 -0.616879 0.096151
vn -0.923328 -0.369645 0.104060
vn -0.923328 -0.369645 0.104060
vn -0.923328 -0.369645 0.104060
vn -0.971821 -0.211406 0.104265
vn -0.931843 -0.347560 0.104265
vn -0.977700 -0.188436 0.092710
vn -0.976598 -0.188224 0.104060
vn -0.976598 -0.188224 0.104060
vn -0.718530 -0.685117 0.119702
vn -0.691595 -0.715103 0.101605
vn -0.589741 -0.800403 0.107525
vn -0.836686 -0.537706 0.104060
vn -0.836686 -0.537706 0.104060
vn -0.872152 -0.476231 0.112046
vn -0.924370 -0.370062 0.092710
vn -0.923328 -0.369645 0.104060
vn -0.576127 -0.809057 0.116211
vn -0.478313 -0.872810 0.097051
vn -0.719805 -0.686332 0.104060
vn -0.719805 -0.686332 0.104060
vn -0.795500 -0.595504 0.112046
vn -0.836686 -0.537706 0.104060
vn -0.837921 -0.538500 0.088916
vn -0.836686 -0.537706 0.104060
vn -0.719805 -0.686333 0.104060
vn -0.412367 -0.902957 0.120927
vn -0.357667 -0.928660 0.098310
vn -0.576908 -0.810154 0.104060
vn -0.576908 -0.810154 0.104060
vn -0.703253 -0.703253 0.104265
vn -0.596011 -0.796178 0.104265
vn -0.576908 -0.810154 0.104060
vn -0.719805 -0.686333 0.104060
vn -0.720617 -0.687107 0.092710
vn -0.234232 -0.965517 0.113637
vn -0.230381 -0.966716 0.111285
vn -0.099599 -0.990045 0.099449
vn -0.234479 -0.966536 0.104060
vn -0.413160 -0.904694 0.104060
vn -0.413160 -0.904694 0.104060
vn -0.476231 -0.872152 0.112046
vn -0.577559 -0.811068 0.092710
vn -0.576908 -0.810154 0.104060
vn 0.033259 -0.994776 0.096511
vn -0.047234 -0.991574 0.120621
vn -0.234479 -0.966536 0.104060
vn -0.347264 -0.931050 0.112046
vn -0.413769 -0.906029 0.088916
vn -0.413160 -0.904693 0.104060
vn -0.413159 -0.904694 0.104060
vn 0.141327 -0.982951 0.117621
vn 0.165404 -0.980587 0.105314
vn 0.294690 -0.949989 0.103340
vn -0.047323 -0.993445 0.104060
vn -0.047324 -0.993444 0.104060
vn -0.234479 -0.966536 0.104060
vn -0.211407 -0.971821 0.104265
vn -0.070950 -0.992016 0.104265
vn -0.234479 -0.966536 0.104060
vn -0.234744 -0.967626 0.092710
vn 0.324752 -0.938310 0.118784
vn 0.418982 -0.902883 0.096211
vn 0.141542 -0.984448 0.104060
vn 0.141542 -0.984448 0.104060
vn -0.047324 -0.993445 0.104060
vn -0.047377 -0.994565 0.092710
vn -0.047324 -0.993445 0.104060
vn 0.070890 -0.991171 0.112046
vn 0.496383 -0.859760 0.120070
vn 0.535340 -0.838597 0.100826
vn 0.641801 -0.759126 0.108719
vn 0.325293 -0.939870 0.104060
vn 0.325292 -0.939870 0.104061
vn 0.325293 -0.939870 0.104060
vn 0.141751 -0.985901 0.088916
vn 0.211227 -0.970994 0.112046
vn 0.141542 -0.984448 0.104060
vn 0.141542 -0.984448 0.104060
vn 0.650485 -0.750699 0.115415
vn 0.738125 -0.667595 0.097411
vn 0.497286 -0.861324 0.104060
vn 0.497285 -0.861324 0.104061
vn 0.325293 -0.939870 0.104060
vn 0.325660 -0.940931 0.092710
vn 0.347560 -0.931843 0.104265
vn 0.476637 -0.872895 0.104265
vn 0.780279 -0.613618 0.120988
vn 0.820487 -0.563232 0.097830
vn 0.651306 -0.751647 0.104060
vn 0.651305 -0.751647 0.104060
vn 0.497285 -0.861324 0.104060
vn 0.497286 -0.861324 0.104060
vn 0.651305 -0.751647 0.104060
vn 0.595504 -0.795500 0.112046
vn 0.497847 -0.862296 0.092710
vn 0.882984 -0.455210 0.114557
vn 0.887105 -0.448275 0.109973
vn 0.939924 -0.326377 0.100108
vn 0.781785 -0.614803 0.104060
vn 0.781786 -0.614803 0.104060
vn 0.651305 -0.751647 0.104060
vn 0.702654 -0.702654 0.112046
vn 0.652267 -0.752756 0.088916
vn 0.990067 -0.094540 0.104061
vn 0.952516 -0.279684 0.120376
vn 0.988490 -0.094389 0.118233
vn 0.975404 -0.198260 0.096331
vn 0.884010 -0.455739 0.104060
vn 0.884010 -0.455739 0.104060
vn 0.781786 -0.614803 0.104060
vn 0.796178 -0.596011 0.104265
vn 0.872895 -0.476637 0.104265
vn 0.782668 -0.615497 0.092710
vn 0.884010 -0.455738 0.104060
vn 0.781786 -0.614803 0.104060
vn 0.990067 -0.094540 0.104060
vn 0.954284 -0.280203 0.104060
vn 0.954284 -0.280203 0.104060
vn 0.931050 -0.347264 0.112046
vn 0.885007 -0.456253 0.092710
vn 0.884010 -0.455739 0.104060
vn 0.990068 -0.094540 0.104060
vn 0.970994 -0.211227 0.112046
vn 0.990068 -0.094540 0.104060
vn 0.955692 -0.280617 0.088916
vn 0.954284 -0.280203 0.104060
vn 0.954284 -0.280203 0.104060
vn 0.991185 -0.094646 0.092710
vn 0.966268 -0.069109 0.248095
vn 0.146073 -0.011792 0.989204
vn 0.966268 0.069109 0.248095
vn 0.966268 0.069109 0.248095
vn 0.853768 0.061063 0.517061
vn 0.853768 0.061063 0.517061
vn 0.946597 0.205919 0.248095
vn 0.907656 0.338538 0.248095
vn 0.946597 0.205920 0.248095
vn 0.668366 0.047803 0.742295
vn 0.668366 0.047803 0.742295
vn 0.836387 0.181945 0.517061
vn 0.836388 0.181945 0.517061
vn 0.425582 0.030438 0.904408
vn 0.146075 0.010448 0.989218
vn 0.143637 0.011596 0.989563
vn 0.425582 0.030438 0.904408
vn 0.907657 0.338538 0.248095
vn 0.654760 0.142434 0.742295
vn 0.654760 0.142434 0.742295
vn 0.857517 0.468240 0.213112
vn 0.869694 0.426416 0.248601
vn 0.801981 0.299124 0.517060
vn 0.801981 0.299123 0.517061
vn 0.416919 0.090695 0.904408
vn 0.416919 0.090695 0.904408
vn 0.145083 0.031561 0.988916
vn 0.138202 0.034064 0.989818
vn 0.768094 0.376601 0.517883
vn 0.768094 0.376599 0.517885
vn 0.837089 0.487388 0.248464
vn 0.627825 0.234167 0.742295
vn 0.627825 0.234166 0.742295
vn 0.600926 0.294635 0.743020
vn 0.600926 0.294636 0.743019
vn 0.739388 0.430503 0.517660
vn 0.739388 0.430502 0.517661
vn 0.399768 0.149106 0.904408
vn 0.140488 0.052399 0.988695
vn 0.399768 0.149106 0.904408
vn 0.129904 0.055347 0.989981
vn 0.382418 0.187501 0.904765
vn 0.782494 0.585767 0.211141
vn 0.795141 0.553156 0.248533
vn 0.382418 0.187501 0.904765
vn 0.131214 0.064335 0.989264
vn 0.753650 0.608469 0.248549
vn 0.578563 0.336864 0.742824
vn 0.578563 0.336864 0.742824
vn 0.702293 0.488564 0.517773
vn 0.549491 0.382265 0.742922
vn 0.665638 0.537411 0.517798
vn 0.702293 0.488564 0.517773
vn 0.665639 0.537411 0.517798
vn 0.368245 0.214408 0.904669
vn 0.126363 0.073574 0.989252
vn 0.368245 0.214408 0.904668
vn 0.118894 0.075184 0.990056
vn 0.549492 0.382265 0.742922
vn 0.690711 0.690711 0.214095
vn 0.702265 0.667158 0.248445
vn 0.652852 0.715525 0.248613
vn 0.520802 0.420476 0.742944
vn 0.520802 0.420476 0.742944
vn 0.349714 0.243285 0.904717
vn 0.349714 0.243285 0.904717
vn 0.119998 0.083479 0.989258
vn 0.331449 0.267599 0.904728
vn 0.620310 0.589300 0.517630
vn 0.620310 0.589300 0.517630
vn 0.576578 0.631929 0.517902
vn 0.576578 0.631929 0.517902
vn 0.331449 0.267599 0.904728
vn 0.105338 0.093322 0.990048
vn 0.113730 0.091821 0.989259
vn 0.485398 0.461132 0.742796
vn 0.308954 0.293508 0.904655
vn 0.485398 0.461132 0.742796
vn 0.524025 0.676489 0.517455
vn 0.584331 0.780575 0.221943
vn 0.593202 0.765793 0.248338
vn 0.451085 0.494389 0.743036
vn 0.451085 0.494389 0.743036
vn 0.106018 0.100718 0.989250
vn 0.308953 0.293508 0.904655
vn 0.524025 0.676489 0.517455
vn 0.098494 0.107949 0.989265
vn 0.089416 0.109514 0.989955
vn 0.287058 0.314616 0.904773
vn 0.287058 0.314616 0.904773
vn 0.410108 0.529427 0.742643
vn 0.410108 0.529427 0.742643
vn 0.465874 0.853185 0.234601
vn 0.480255 0.831825 0.278248
vn 0.089592 0.115658 0.989240
vn 0.261064 0.337020 0.904579
vn 0.261064 0.337020 0.904579
vn 0.428054 0.741412 0.516796
vn 0.428054 0.741412 0.516796
vn 0.335165 0.580523 0.742063
vn 0.335165 0.580523 0.742063
vn 0.338538 0.907656 0.248095
vn 0.343765 0.901453 0.263075
vn 0.213456 0.369717 0.904293
vn 0.073274 0.126915 0.989204
vn 0.073274 0.126915 0.989204
vn 0.213456 0.369717 0.904293
vn 0.238830 0.626283 0.742112
vn 0.305033 0.799887 0.516852
vn 0.305033 0.799887 0.516851
vn 0.205919 0.946597 0.248095
vn 0.205920 0.946597 0.248095
vn 0.238830 0.626283 0.742112
vn 0.181945 0.836387 0.517061
vn 0.181945 0.836388 0.517060
vn 0.052210 0.136910 0.989207
vn 0.152098 0.398845 0.904317
vn 0.051773 0.136515 0.989284
vn 0.152098 0.398845 0.904317
vn 0.069109 0.966268 0.248095
vn 0.069109 0.966268 0.248095
vn 0.142434 0.654760 0.742295
vn 0.142434 0.654760 0.742295
vn -0.069620 0.973413 0.218221
vn -0.019506 0.968399 0.248642
vn 0.061063 0.853768 0.517061
vn 0.061063 0.853768 0.517061
vn -0.017227 0.855237 0.517951
vn 0.090695 0.416919 0.904408
vn 0.090695 0.416919 0.904408
vn 0.031225 0.143540 0.989152
vn 0.028743 0.140794 0.989622
vn -0.017226 0.855237 0.517950
vn -0.088545 0.964607 0.248383
vn 0.047803 0.668366 0.742295
vn 0.047803 0.668366 0.742295
vn -0.013476 0.669070 0.743077
vn -0.013476 0.669070 0.743077
vn -0.207718 0.954867 0.212323
vn -0.165868 0.954301 0.248589
vn -0.078217 0.852083 0.517529
vn -0.078216 0.852083 0.517529
vn -0.146492 0.842826 0.517865
vn 0.030438 0.425582 0.904408
vn 0.030438 0.425582 0.904408
vn 0.010616 0.148436 0.988865
vn -0.008575 0.425764 0.904794
vn 0.005720 0.141946 0.989858
vn -0.008576 0.425763 0.904794
vn -0.002943 0.146083 0.989268
vn -0.146492 0.842827 0.517864
vn -0.233532 0.940063 0.248483
vn -0.061210 0.666813 0.742707
vn -0.061210 0.666813 0.742707
vn -0.114611 0.659402 0.743003
vn -0.114612 0.659403 0.743002
vn -0.206272 0.830330 0.517691
vn -0.206272 0.830330 0.517691
vn -0.038962 0.424453 0.904611
vn -0.038963 0.424453 0.904611
vn -0.017002 0.140021 0.990003
vn -0.013371 0.145659 0.989245
vn -0.072938 0.419638 0.904756
vn -0.341571 0.915787 0.211338
vn -0.308414 0.918215 0.248518
vn -0.025026 0.143986 0.989263
vn -0.072938 0.419638 0.904756
vn -0.373129 0.893863 0.248562
vn -0.161401 0.649710 0.742850
vn -0.161402 0.649711 0.742850
vn -0.102727 0.413520 0.904681
vn -0.272405 0.811008 0.517747
vn -0.272405 0.811008 0.517747
vn -0.329551 0.789467 0.517821
vn -0.329551 0.789466 0.517822
vn -0.039128 0.135084 0.990061
vn -0.035250 0.141897 0.989254
vn -0.102727 0.413520 0.904681
vn -0.213140 0.634564 0.742899
vn -0.257840 0.617675 0.742965
vn -0.213141 0.634565 0.742899
vn -0.468012 0.857100 0.215276
vn -0.443862 0.860971 0.248425
vn -0.504125 0.827070 0.248623
vn -0.257839 0.617676 0.742964
vn -0.046547 0.138581 0.989257
vn -0.135652 0.403864 0.904706
vn -0.135652 0.403864 0.904706
vn -0.392069 0.760509 0.517598
vn -0.392070 0.760509 0.517597
vn -0.445223 0.730435 0.517920
vn -0.445224 0.730435 0.517919
vn -0.164091 0.393095 0.904738
vn -0.164091 0.393095 0.904738
vn -0.056304 0.134881 0.989261
vn -0.060365 0.127218 0.990036
vn -0.306805 0.595119 0.742767
vn -0.306805 0.595119 0.742768
vn -0.569089 0.783887 0.248314
vn -0.584037 0.780182 0.224093
vn -0.348316 0.571447 0.743051
vn -0.348315 0.571447 0.743051
vn -0.195285 0.378799 0.904641
vn -0.195284 0.378799 0.904641
vn -0.067014 0.129988 0.989248
vn -0.502734 0.692487 0.517416
vn -0.502734 0.692487 0.517417
vn -0.221656 0.363649 0.904781
vn -0.221656 0.363649 0.904780
vn -0.076053 0.124772 0.989266
vn -0.080428 0.116521 0.989926
vn -0.393456 0.541964 0.742609
vn -0.393456 0.541964 0.742609
vn -0.686841 0.686841 0.237698
vn -0.593047 0.617427 0.516796
vn -0.665881 0.693256 0.275680
vn -0.250471 0.345009 0.904562
vn -0.250471 0.345009 0.904562
vn -0.085958 0.118402 0.989238
vn -0.593047 0.617428 0.516796
vn -0.464354 0.483444 0.742063
vn -0.464354 0.483444 0.742063
vn -0.775513 0.580542 0.248095
vn -0.769959 0.583010 0.259349
vn -0.295733 0.307890 0.904293
vn -0.295733 0.307890 0.904293
vn -0.101518 0.105691 0.989204
vn -0.101518 0.105691 0.989204
vn -0.682469 0.516763 0.516906
vn -0.682469 0.516763 0.516906
vn -0.850239 0.464266 0.248095
vn -0.850239 0.464266 0.248095
vn -0.751248 0.410213 0.517061
vn -0.534327 0.404591 0.742159
vn -0.340270 0.257651 0.904341
vn -0.534327 0.404591 0.742159
vn -0.588109 0.321132 0.742296
vn -0.751248 0.410212 0.517061
vn -0.340270 0.257652 0.904341
vn -0.116801 0.088441 0.989210
vn -0.116307 0.087399 0.989360
vn -0.907656 0.338538 0.248095
vn -0.907657 0.338538 0.248095
vn -0.801981 0.299123 0.517061
vn -0.588109 0.321132 0.742295
vn -0.953939 0.207516 0.216651
vn -0.935133 0.252404 0.248634
vn -0.801981 0.299124 0.517060
vn -0.825865 0.222911 0.517936
vn -0.126903 0.066604 0.989677
vn -0.374479 0.204481 0.904408
vn -0.129303 0.070605 0.989088
vn -0.374479 0.204481 0.904408
vn -0.825865 0.222913 0.517935
vn -0.950814 0.185061 0.248404
vn -0.646098 0.174391 0.743065
vn -0.627825 0.234167 0.742295
vn -0.627825 0.234167 0.742295
vn -0.399768 0.149106 0.904408
vn -0.646098 0.174389 0.743065
vn -0.974837 0.069722 0.211733
vn -0.962579 0.107946 0.248576
vn -0.839885 0.163469 0.517563
vn -0.850146 0.095338 0.517844
vn -0.839884 0.163470 0.517564
vn -0.399768 0.149106 0.904408
vn -0.134512 0.044907 0.989894
vn -0.139729 0.052116 0.988817
vn -0.411150 0.110974 0.904787
vn -0.411150 0.110974 0.904787
vn -0.141069 0.038076 0.989267
vn -0.850147 0.095339 0.517843
vn -0.967846 0.039004 0.248500
vn -0.657249 0.127922 0.742738
vn -0.665140 0.074592 0.742984
vn -0.657248 0.127923 0.742739
vn -0.665140 0.074591 0.742984
vn -0.854857 0.034449 0.517719
vn -0.854856 0.034450 0.517720
vn -0.418355 0.081426 0.904626
vn -0.143564 0.027942 0.989246
vn -0.418355 0.081426 0.904626
vn -0.139094 0.022605 0.990021
vn -0.967846 -0.039004 0.248500
vn -0.974837 -0.069722 0.211733
vn -0.423295 0.047470 0.904748
vn -0.145242 0.016288 0.989262
vn -0.423295 0.047470 0.904747
vn -0.962579 -0.107946 0.248576
vn -0.668887 0.026955 0.742875
vn -0.668887 0.026955 0.742875
vn -0.854856 -0.034449 0.517720
vn -0.854857 -0.034450 0.517719
vn -0.850147 -0.095338 0.517843
vn -0.850146 -0.095339 0.517844
vn -0.425717 0.017156 0.904694
vn -0.146081 0.005887 0.989255
vn -0.425717 0.017156 0.904694
vn -0.140625 0.000000 0.990063
vn -0.668887 -0.026955 0.742875
vn -0.668887 -0.026955 0.742875
vn -0.665140 -0.074592 0.742984
vn -0.953939 -0.207516 0.216651
vn -0.950814 -0.185061 0.248404
vn -0.935133 -0.252404 0.248634
vn -0.665140 -0.074591 0.742984
vn -0.425717 -0.017156 0.904694
vn -0.425717 -0.017156 0.904694
vn -0.146081 -0.005887 0.989255
vn -0.839884 -0.163469 0.517564
vn -0.839884 -0.163470 0.517563
vn -0.825865 -0.222913 0.517935
vn -0.825865 -0.222911 0.517936
vn -0.423295 -0.047470 0.904748
vn -0.423295 -0.047470 0.904747
vn -0.139094 -0.022605 0.990021
vn -0.145242 -0.016288 0.989262
vn -0.657249 -0.127923 0.742738
vn -0.657248 -0.127922 0.742739
vn -0.912614 -0.340387 0.226435
vn -0.911874 -0.326862 0.248290
vn -0.805569 -0.288757 0.517377
vn -0.646098 -0.174391 0.743065
vn -0.646098 -0.174389 0.743065
vn -0.418355 -0.081426 0.904626
vn -0.418355 -0.081426 0.904626
vn -0.143564 -0.027942 0.989246
vn -0.411150 -0.110974 0.904787
vn -0.805568 -0.288757 0.517377
vn -0.630484 -0.225998 0.742573
vn -0.134512 -0.044907 0.989894
vn -0.411150 -0.110974 0.904787
vn -0.141069 -0.038076 0.989267
vn -0.630484 -0.225998 0.742573
vn -0.851842 -0.447082 0.272915
vn -0.851814 -0.465126 0.240981
vn -0.401372 -0.143872 0.904545
vn -0.401372 -0.143872 0.904545
vn -0.137747 -0.049376 0.989236
vn -0.758046 -0.397854 0.516796
vn -0.758046 -0.397853 0.516797
vn -0.593548 -0.311518 0.742063
vn -0.593548 -0.311518 0.742063
vn -0.776064 -0.576532 0.255610
vn -0.687146 -0.510475 0.516958
vn -0.775513 -0.580542 0.248095
vn -0.378012 -0.198396 0.904293
vn -0.129762 -0.068104 0.989204
vn -0.378012 -0.198396 0.904293
vn -0.129762 -0.068104 0.989204
vn -0.687145 -0.510475 0.516958
vn -0.685000 -0.685000 0.248095
vn -0.685000 -0.685000 0.248095
vn -0.537967 -0.399652 0.742206
vn -0.537967 -0.399652 0.742206
vn -0.342576 -0.254497 0.904363
vn -0.605247 -0.605247 0.517060
vn -0.605247 -0.605247 0.517060
vn -0.473813 -0.473813 0.742296
vn -0.117589 -0.087356 0.989213
vn -0.342576 -0.254497 0.904363
vn -0.115917 -0.087106 0.989432
vn -0.512951 -0.685222 0.517060
vn -0.580542 -0.775513 0.248095
vn -0.580542 -0.775513 0.248095
vn -0.301701 -0.301701 0.904408
vn -0.473813 -0.473813 0.742296
vn -0.468012 -0.857100 0.215276
vn -0.504125 -0.827070 0.248623
vn -0.512951 -0.685222 0.517061
vn -0.301701 -0.301701 0.904408
vn -0.104461 -0.104461 0.989028
vn -0.099036 -0.103108 0.989728
vn -0.445224 -0.730435 0.517920
vn -0.445223 -0.730436 0.517919
vn -0.443862 -0.860971 0.248425
vn -0.401560 -0.536421 0.742296
vn -0.401560 -0.536421 0.742296
vn -0.348316 -0.571447 0.743051
vn -0.348316 -0.571447 0.743051
vn -0.341571 -0.915787 0.211338
vn -0.373129 -0.893863 0.248562
vn -0.392069 -0.760509 0.517597
vn -0.392070 -0.760508 0.517598
vn -0.255693 -0.341566 0.904408
vn -0.255693 -0.341566 0.904408
vn -0.089547 -0.119621 0.988773
vn -0.221656 -0.363649 0.904780
vn -0.080428 -0.116521 0.989926
vn -0.221656 -0.363649 0.904781
vn -0.076053 -0.124772 0.989266
vn -0.329551 -0.789466 0.517822
vn -0.329551 -0.789467 0.517821
vn -0.308414 -0.918215 0.248517
vn -0.272405 -0.811008 0.517747
vn -0.306805 -0.595119 0.742768
vn -0.306805 -0.595119 0.742767
vn -0.257840 -0.617675 0.742965
vn -0.257839 -0.617676 0.742964
vn -0.272405 -0.811008 0.517747
vn -0.195285 -0.378799 0.904641
vn -0.195285 -0.378799 0.904641
vn -0.067014 -0.129988 0.989248
vn -0.060365 -0.127218 0.990036
vn -0.207718 -0.954867 0.212323
vn -0.233532 -0.940063 0.248483
vn -0.164091 -0.393095 0.904738
vn -0.164091 -0.393095 0.904738
vn -0.056304 -0.134881 0.989261
vn -0.165868 -0.954301 0.248589
vn -0.135652 -0.403864 0.904706
vn -0.213141 -0.634564 0.742899
vn -0.213140 -0.634565 0.742899
vn -0.146492 -0.842826 0.517864
vn -0.206272 -0.830330 0.517691
vn -0.206272 -0.830330 0.517691
vn -0.146492 -0.842826 0.517865
vn -0.046547 -0.138581 0.989257
vn -0.039128 -0.135084 0.990061
vn -0.135652 -0.403864 0.904706
vn -0.161401 -0.649711 0.742850
vn -0.161402 -0.649710 0.742850
vn -0.088545 -0.964607 0.248383
vn -0.069620 -0.973413 0.218221
vn -0.019506 -0.968399 0.248642
vn -0.114611 -0.659403 0.743002
vn -0.114612 -0.659402 0.743003
vn -0.102727 -0.413520 0.904681
vn -0.035250 -0.141897 0.989254
vn -0.102727 -0.413520 0.904681
vn -0.072938 -0.419638 0.904756
vn -0.078216 -0.852083 0.517529
vn -0.078217 -0.852083 0.517529
vn -0.017226 -0.855237 0.517950
vn -0.017227 -0.855237 0.517951
vn -0.025026 -0.143986 0.989263
vn -0.072938 -0.419638 0.904756
vn -0.017002 -0.140021 0.990003
vn -0.061210 -0.666813 0.742707
vn -0.061210 -0.666813 0.742707
vn 0.058488 -0.966925 0.248264
vn 0.069444 -0.970954 0.228967
vn -0.013476 -0.669070 0.743077
vn -0.013476 -0.669070 0.743077
vn -0.038962 -0.424453 0.904611
vn -0.038963 -0.424453 0.904611
vn -0.013371 -0.145659 0.989245
vn 0.051671 -0.854221 0.517336
vn 0.051671 -0.854221 0.517335
vn 0.040442 -0.668583 0.742537
vn -0.008575 -0.425764 0.904794
vn -0.008576 -0.425763 0.904794
vn -0.002943 -0.146083 0.989268
vn 0.005720 -0.141946 0.989858
vn 0.025746 -0.425638 0.904527
vn 0.040442 -0.668583 0.742537
vn 0.171244 -0.838807 0.516797
vn 0.206116 -0.947503 0.244447
vn 0.192600 -0.943415 0.269951
vn 0.025747 -0.425638 0.904527
vn 0.008836 -0.146078 0.989234
vn 0.171244 -0.838807 0.516796
vn 0.134083 -0.656783 0.742063
vn 0.134083 -0.656783 0.742063
vn 0.085393 -0.418284 0.904293
vn 0.336538 -0.907364 0.251859
vn 0.338539 -0.907657 0.248095
vn 0.029313 -0.143587 0.989204
vn 0.085393 -0.418285 0.904293
vn 0.029313 -0.143587 0.989204
vn 0.297665 -0.802556 0.517010
vn 0.297665 -0.802556 0.517011
vn 0.464266 -0.850239 0.248095
vn 0.464266 -0.850239 0.248095
vn 0.233034 -0.628298 0.742251
vn 0.233034 -0.628298 0.742251
vn 0.410212 -0.751248 0.517061
vn 0.410213 -0.751248 0.517061
vn 0.321132 -0.588109 0.742295
vn 0.148389 -0.400083 0.904386
vn 0.050934 -0.137326 0.989215
vn 0.148390 -0.400083 0.904386
vn 0.051253 -0.135144 0.989499
vn 0.580542 -0.775513 0.248095
vn 0.580542 -0.775513 0.248095
vn 0.204481 -0.374479 0.904408
vn 0.321132 -0.588109 0.742296
vn 0.690711 -0.690711 0.214095
vn 0.652852 -0.715525 0.248613
vn 0.512951 -0.685222 0.517060
vn 0.512951 -0.685222 0.517061
vn 0.071320 -0.123529 0.989775
vn 0.070984 -0.129997 0.988970
vn 0.204481 -0.374479 0.904408
vn 0.576578 -0.631929 0.517902
vn 0.576578 -0.631929 0.517902
vn 0.702265 -0.667158 0.248445
vn 0.401559 -0.536421 0.742296
vn 0.401560 -0.536421 0.742296
vn 0.451085 -0.494389 0.743036
vn 0.451085 -0.494389 0.743036
vn 0.753650 -0.608469 0.248549
vn 0.782494 -0.585767 0.211141
vn 0.620310 -0.589300 0.517630
vn 0.620310 -0.589300 0.517630
vn 0.665638 -0.537412 0.517798
vn 0.089709 -0.119838 0.988732
vn 0.255693 -0.341566 0.904408
vn 0.089416 -0.109514 0.989955
vn 0.255693 -0.341566 0.904408
vn 0.287058 -0.314616 0.904773
vn 0.098494 -0.107949 0.989265
vn 0.287059 -0.314616 0.904773
vn 0.665638 -0.537411 0.517798
vn 0.795141 -0.553156 0.248533
vn 0.485398 -0.461132 0.742796
vn 0.485398 -0.461132 0.742796
vn 0.520802 -0.420476 0.742944
vn 0.520802 -0.420476 0.742944
vn 0.702293 -0.488564 0.517773
vn 0.702293 -0.488564 0.517773
vn 0.308953 -0.293508 0.904655
vn 0.308954 -0.293508 0.904655
vn 0.106018 -0.100718 0.989250
vn 0.331449 -0.267600 0.904728
vn 0.105338 -0.093322 0.990048
vn 0.837089 -0.487388 0.248464
vn 0.857517 -0.468240 0.213112
vn 0.739388 -0.430502 0.517661
vn 0.331449 -0.267599 0.904728
vn 0.113730 -0.091821 0.989260
vn 0.869694 -0.426416 0.248601
vn 0.549492 -0.382265 0.742922
vn 0.549491 -0.382265 0.742922
vn 0.739388 -0.430503 0.517660
vn 0.768093 -0.376600 0.517885
vn 0.768095 -0.376599 0.517883
vn 0.349713 -0.243285 0.904717
vn 0.349714 -0.243285 0.904717
vn 0.119998 -0.083479 0.989258
vn 0.118894 -0.075184 0.990056
vn 0.578563 -0.336864 0.742824
vn 0.368245 -0.214408 0.904668
vn 0.578563 -0.336864 0.742824
vn 0.913997 -0.340904 0.219985
vn 0.901244 -0.355073 0.248360
vn 0.600925 -0.294636 0.743020
vn 0.600926 -0.294636 0.743019
vn 0.368245 -0.214408 0.904669
vn 0.126363 -0.073574 0.989252
vn 0.796127 -0.313660 0.517493
vn 0.796128 -0.313659 0.517492
vn 0.623041 -0.245467 0.742675
vn 0.382418 -0.187501 0.904765
vn 0.382418 -0.187501 0.904765
vn 0.131214 -0.064335 0.989264
vn 0.129904 -0.055347 0.989981
vn 0.396601 -0.156253 0.904595
vn 0.623040 -0.245466 0.742676
vn 0.960630 -0.077550 0.266789
vn 0.950558 -0.206781 0.231690
vn 0.931928 -0.229700 0.280621
vn 0.136103 -0.053622 0.989243
vn 0.396600 -0.156253 0.904596
vn 0.142290 -0.035071 0.989204
vn 0.853332 -0.068888 0.516797
vn 0.831232 -0.204880 0.516796
vn 0.831232 -0.204880 0.516796
vn 0.853332 -0.068888 0.516796
vn 0.668157 -0.053939 0.742063
vn 0.650851 -0.160420 0.742064
vn 0.650851 -0.160420 0.742063
vn 0.668156 -0.053939 0.742064
vn 0.414507 -0.102167 0.904293
vn 0.425528 -0.034352 0.904293
vn 0.146073 -0.011792 0.989204
vn 0.414507 -0.102167 0.904293
vn 0.142290 -0.035071 0.989204
vn 0.425528 -0.034352 0.904293
vn 0.000000 0.000000 -1.000000
vn 0.000000 0.000000 -1.000000
vn 0.000000 0.000000 -1.000000
vn 0.000000 0.000000 -1.000000
vn 0.000000 0.000000 -1.000000
vn 0.000000 0.000000 -1.000000
vn 0.000000 0.000000 -1.000000
vn 0.000000 0.000000 -1.000000
vn 0.000000 0.000000 -1.000000
vn 0.000000 0.000000 -1.000000
vn 0.000000 0.000000 -1.000000
vn 0.000000 0.000000 -1.000000
vn 0.000000 -0.000000 -1.000000
vn 0.000000 -0.000000 -1.000000
vn 0.000000 0.000000 -1.000000
vn 0.000000 -0.000000 -1.000000
vn 0.000000 0.000000 -1.000000
vn 0.000000 -0.000000 -1.000000
vn 0.000000 0.000000 -1.000000
vn 0.000000 0.000000 -1.000000
vn 0.000000 0.000000 -1.000000
vn 0.000000 -0.000000 -1.000000
vn 0.000000 -0.000000 -1.000000
vn 0.000000 0.000000 -1.000000
vn 0.000000 -0.000000 -1.000000
vn 0.000000 -0.000000 -1.000000
vn 0.000000 0.000000 -1.000000
vn 0.000000 0.000000 -1.000000
vn 0.000000 -0.000000 -1.000000
vn 0.000000 0.000000 -1.000000
vn 0.000000 -0.000000 -1.000000
vn 0.000000 -0.000000 -1.000000
vn 0.000000 0.000000 -1.000000
vn 0.000000 0.000000 -1.000000
vn 0.000000 0.000000 -1.000000
vn 0.000000 0.000000 -1.000000
vn 0.000000 0.000000 -1.000000
vn -0.000000 -0.000000 -1.000000
vn -0.000000 -0.000000 -1.000000
vn 0.000000 0.000000 -1.000000
vn 0.000000 0.000000 -1.000000
vn 0.000000 0.000000 -1.000000
vn 0.000000 0.000000 -1.000000
vn 0.000000 0.000000 -1.000000
vn -0.000000 -0.000000 -1.000000
vn 0.000000 0.000000 1.000000
vn 0.000000 0.000000 1.000000
vn 0.000000 0.000000 1.000000
vn 0.000000 0.000000 1.000000
vn 0.000000 0.000000 1.000000
vn 0.000000 0.000000 1.000000
vn 0.000000 0.000000 1.000000
vn 0.000000 0.000000 1.000000
vn 0.000000 0.000000 1.000000
vn 0.000000 0.000000 1.000000
vn 0.000000 0.000000 1.000000
vn 0.000000 0.000000 1.000000
vn 0.000000 0.000000 1.000000
vn 0.000000 0.000000 1.000000
vn 0.000000 0.000000 1.000000
vn 0.000000 0.000000 1.000000
vn 0.000000 0.000000 1.000000
vn 0.000000 0.000000 1.000000
vn 0.000000 0.000000 1.000000
vn 0.000000 0.000000 1.000000
vn 0.000000 0.000000 1.000000
vn 0.000000 0.000000 1.000000
vn 0.000000 0.000000 1.000000
vn 0.000000 0.000000 1.000000
vn 0.000000 0.000000 1.000000
vn 0.000000 0.000000 1.000000
vn 0.000000 0.000000 1.000000
vn 0.000000 0.000000 1.000000
vn 0.000000 0.000000 1.000000
vn 0.000000 0.000000 1.000000
vn 0.000000 0.000000 1.000000
vn 0.000000 0.000000 1.000000
vn 0.000000 0.000000 1.000000
vn 0.000000 0.000000 1.000000
vn 0.000000 0.000000 1.000000
vn 0.000000 0.000000 1.000000
vn 0.000000 0.000000 1.000000
vn 0.992325 0.066428 0.104298
vn 0.992016 0.070950 0.104265
vn 0.992325 -0.066428 0.104298
vn 0.992016 -0.070950 0.104265
vn 0.988490 0.094389 0.118233
vn 0.975404 0.198260 0.096331
vn 0.952516 0.279684 0.120376
vn 0.939924 0.326377 0.100108
vn 0.887105 0.448275 0.109973
vn 0.990067 0.094540 0.104060
vn 0.990067 0.094540 0.104061
vn 0.990068 0.094540 0.104060
vn 0.882984 0.455210 0.114557
vn 0.820487 0.563232 0.097830
vn 0.954284 0.280203 0.104060
vn 0.884010 0.455739 0.104060
vn 0.954284 0.280203 0.104060
vn 0.954284 0.280203 0.104060
vn 0.970994 0.211227 0.112046
vn 0.991185 0.094646 0.092710
vn 0.990068 0.094540 0.104060
vn 0.738125 0.667595 0.097411
vn 0.780279 0.613618 0.120988
vn 0.884010 0.455739 0.104060
vn 0.781786 0.614803 0.104060
vn 0.931050 0.347264 0.112046
vn 0.954284 0.280203 0.104060
vn 0.955692 0.280617 0.088916
vn 0.641801 0.759126 0.108719
vn 0.535340 0.838597 0.100826
vn 0.650485 0.750699 0.115415
vn 0.781785 0.614803 0.104060
vn 0.872895 0.476637 0.104265
vn 0.796178 0.596011 0.104265
vn 0.885007 0.456253 0.092710
vn 0.884010 0.455739 0.104060
vn 0.884010 0.455738 0.104060
vn 0.418982 0.902883 0.096211
vn 0.496383 0.859760 0.120070
vn 0.651305 0.751647 0.104060
vn 0.651306 0.751647 0.104060
vn 0.702654 0.702654 0.112046
vn 0.782668 0.615497 0.092710
vn 0.781786 0.614803 0.104060
vn 0.651305 0.751647 0.104060
vn 0.781786 0.614803 0.104060
vn 0.294690 0.949989 0.103340
vn 0.165404 0.980587 0.105314
vn 0.324752 0.938310 0.118784
vn 0.497286 0.861324 0.104061
vn 0.497285 0.861324 0.104060
vn 0.595504 0.795500 0.112046
vn 0.652267 0.752756 0.088916
vn 0.651305 0.751647 0.104060
vn 0.141327 0.982951 0.117621
vn 0.033259 0.994776 0.096511
vn 0.141542 0.984448 0.104060
vn 0.325292 0.939870 0.104060
vn 0.325293 0.939870 0.104061
vn 0.476637 0.872895 0.104265
vn 0.347560 0.931843 0.104265
vn 0.497286 0.861324 0.104060
vn 0.497847 0.862296 0.092710
vn 0.497285 0.861324 0.104060
vn 0.325293 0.939870 0.104060
vn -0.099599 0.990045 0.099449
vn -0.230381 0.966716 0.111285
vn -0.047234 0.991574 0.120621
vn 0.141542 0.984448 0.104060
vn 0.211227 0.970994 0.112046
vn 0.325660 0.940931 0.092710
vn 0.325293 0.939870 0.104060
vn -0.357667 0.928660 0.098310
vn -0.234232 0.965517 0.113637
vn -0.047324 0.993445 0.104060
vn -0.047323 0.993445 0.104060
vn 0.070890 0.991171 0.112046
vn 0.141751 0.985901 0.088916
vn 0.141542 0.984448 0.104060
vn 0.141542 0.984448 0.104060
vn -0.412367 0.902957 0.120927
vn -0.478313 0.872810 0.097051
vn -0.234479 0.966536 0.104060
vn -0.234479 0.966536 0.104060
vn -0.413160 0.904694 0.104060
vn -0.047324 0.993444 0.104060
vn -0.070950 0.992016 0.104265
vn -0.211407 0.971821 0.104265
vn -0.047377 0.994565 0.092710
vn -0.047324 0.993445 0.104060
vn -0.589741 0.800403 0.107525
vn -0.691595 0.715103 0.101605
vn -0.576127 0.809057 0.116211
vn -0.413160 0.904694 0.104060
vn -0.347264 0.931050 0.112046
vn -0.234479 0.966536 0.104060
vn -0.234479 0.966536 0.104060
vn -0.234744 0.967626 0.092710
vn -0.718530 0.685117 0.119702
vn -0.781163 0.616879 0.096151
vn -0.576908 0.810154 0.104060
vn -0.576908 0.810154 0.104060
vn -0.413160 0.904694 0.104060
vn -0.476231 0.872152 0.112046
vn -0.413769 0.906029 0.088916
vn -0.413159 0.904694 0.104060
vn -0.835248 0.536781 0.119274
vn -0.855875 0.506935 0.102443
vn -0.915425 0.388174 0.106390
vn -0.719805 0.686332 0.104060
vn -0.719805 0.686332 0.104060
vn -0.576908 0.810154 0.104060
vn -0.719805 0.686333 0.104060
vn -0.596011 0.796178 0.104265
vn -0.703253 0.703253 0.104265
vn -0.576908 0.810154 0.104060
vn -0.577559 0.811068 0.092710
vn -0.921998 0.369112 0.116947
vn -0.959945 0.262956 0.096751
vn -0.836686 0.537706 0.104060
vn -0.836686 0.537706 0.104060
vn -0.720617 0.687107 0.092710
vn -0.795500 0.595504 0.112046
vn -0.719805 0.686333 0.104060
vn -0.974737 0.187865 0.120804
vn -0.986224 0.132634 0.098849
vn -0.923328 0.369645 0.104060
vn -0.976598 0.188224 0.104060
vn -0.923328 0.369645 0.104060
vn -0.836686 0.537706 0.104060
vn -0.836686 0.537706 0.104060
vn -0.837921 0.538500 0.088916
vn -0.872152 0.476231 0.112046
vn -0.993634 0.000000 0.112656
vn -0.993634 0.000000 0.112656
vn -0.986224 -0.132634 0.098849
vn -0.976598 0.188224 0.104060
vn -0.923328 0.369645 0.104060
vn -0.923328 0.369645 0.104060
vn -0.976598 0.188224 0.104060
vn -0.931843 0.347560 0.104265
vn -0.971821 0.211406 0.104265
vn -0.924370 0.370062 0.092710
vn -0.974737 -0.187865 0.120804
vn -0.959945 -0.262956 0.096751
vn -0.994571 0.000000 0.104060
vn -0.994571 0.000000 0.104060
vn -0.991171 0.070890 0.112046
vn -0.976598 0.188224 0.104060
vn -0.977700 0.188436 0.092710
vn -0.921998 -0.369112 0.116947
vn -0.915425 -0.388174 0.106390
vn -0.855875 -0.506935 0.102443
vn -0.976598 -0.188224 0.104060
vn -0.976598 -0.188224 0.104060
vn -0.996039 0.000000 0.088916
vn -0.991171 -0.070890 0.112046
vn -0.994571 0.000000 0.104060
vn -0.994571 0.000000 0.104060
vn -0.835248 -0.536781 0.119274
vn -0.781163 -0.616879 0.096151
vn -0.923328 -0.369645 0.104060
vn -0.923328 -0.369645 0.104060
vn -0.923328 -0.369645 0.104060
vn -0.971821 -0.211406 0.104265
vn -0.931843 -0.347560 0.104265
vn -0.977700 -0.188436 0.092710
vn -0.976598 -0.188224 0.104060
vn -0.976598 -0.188224 0.104060
vn -0.718530 -0.685117 0.119702
vn -0.691595 -0.715103 0.101605
vn -0.589741 -0.800403 0.107525
vn -0.836686 -0.537706 0.104060
vn -0.836686 -0.537706 0.104060
vn -0.872152 -0.476231 0.112046
vn -0.924370 -0.370062 0.092710
vn -0.923328 -0.369645 0.104060
vn -0.576127 -0.809057 0.116211
vn -0.478313 -0.872810 0.097051
vn -0.719805 -0.686332 0.104060
vn -0.719805 -0.686332 0.104060
vn -0.795500 -0.595504 0.112046
vn -0.836686 -0.537706 0.104060
vn -0.837921 -0.538500 0.088916
vn -0.836686 -0.537706 0.104060
vn -0.719805 -0.686333 0.104060
vn -0.412367 -0.902957 0.120927
vn -0.357667 -0.928660 0.098310
vn -0.576908 -0.810154 0.104060
vn -0.576908 -0.810154 0.104060
vn -0.703253 -0.703253 0.104265
vn -0.596011 -0.796178 0.104265
vn -0.576908 -0.810154 0.104060
vn -0.719805 -0.686333 0.104060
vn -0.720617 -0.687107 0.092710
vn -0.234232 -0.965517 0.113637
vn -0.230381 -0.966716 0.111285
vn -0.099599 -0.990045 0.099449
vn -0.234479 -0.966536 0.104060
vn -0.413160 -0.904694 0.104060
vn -0.413160 -0.904694 0.104060
vn -0.476231 -0.872152 0.112046
vn -0.577559 -0.811068 0.092710
vn -0.576908 -0.810154 0.104060
vn 0.033259 -0.994776 0.096511
vn -0.047234 -0.991574 0.120621
vn -0.234479 -0.966536 0.104060
vn -0.347264 -0.931050 0.112046
vn -0.413769 -0.906029 0.088916
vn -0.413160 -0.904693 0.104060
vn -0.413159 -0.904694 0.104060
vn 0.141327 -0.982951 0.117621
vn 0.165404 -0.980587 0.105314
vn 0.294690 -0.949989 0.103340
vn -0.047323 -0.993445 0.104060
vn -0.047324 -0.993444 0.104060
vn -0.234479 -0.966536 0.104060
vn -0.211407 -0.971821 0.104265
vn -0.070950 -0.992016 0.104265
vn -0.234479 -0.966536 0.104060
vn -0.234744 -0.967626 0.092710
vn 0.324752 -0.938310 0.118784
vn 0.418982 -0.902883 0.096211
vn 0.141542 -0.984448 0.104060
vn 0.141542 -0.984448 0.104060
vn -0.047324 -0.993445 0.104060
vn -0.047377 -0.994565 0.092710
vn -0.047324 -0.993445 0.104060
vn 0.070890 -0.991171 0.112046
vn 0.496383 -0.859760 0.120070
vn 0.535340 -0.838597 0.100826
vn 0.641801 -0.759126 0.108719
vn 0.325293 -0.939870 0.104060
vn 0.325292 -0.939870 0.104061
vn 0.325293 -0.939870 0.104060
vn 0.141751 -0.985901 0.088916
vn 0.211227 -0.970994 0.112046
vn 0.141542 -0.984448 0.104060
vn 0.141542 -0.984448 0.104060
vn 0.650485 -0.750699 0.115415
vn 0.738125 -0.667595 0.097411
vn 0.497286 -0.861324 0.104060
vn 0.497285 -0.861324 0.104061
vn 0.325293 -0.939870 0.104060
vn 0.325660 -0.940931 0.092710
vn 0.347560 -0.931843 0.104265
vn 0.476637 -0.872895 0.104265
vn 0.780279 -0.613618 0.120988
vn 0.820487 -0.563232 0.097830
vn 0.651306 -0.751647 0.104060
vn 0.651305 -0.751647 0.104060
vn 0.497285 -0.861324 0.104060
vn 0.497286 -0.861324 0.104060
vn 0.651305 -0.751647 0.104060
vn 0.595504 -0.795500 0.112046
vn 0.497847 -0.862296 0.092710
vn 0.882984 -0.455210 0.114557
vn 0.887105 -0.448275 0.109973
vn 0.939924 -0.326377 0.100108
vn 0.781785 -0.614803 0.104060
vn 0.781786 -0.614803 0.104060
vn 0.651305 -0.751647 0.104060
vn 0.702654 -0.702654 0.112046
vn 0.652267 -0.752756 0.088916
vn 0.990067 -0.094540 0.104061
vn 0.952516 -0.279684 0.120376
vn 0.988490 -0.094389 0.118233
vn 0.975404 -0.198260 0.096331
vn 0.884010 -0.455739 0.104060
vn 0.884010 -0.455739 0.104060
vn 0.781786 -0.614803 0.104060
vn 0.796178 -0.596011 0.104265
vn 0.872895 -0.476637 0.104265
vn 0.782668 -0.615497 0.092710
vn 0.884010 -0.455738 0.104060
vn 0.781786 -0.614803 0.104060
vn 0.990067 -0.094540 0.104060
vn 0.954284 -0.280203 0.104060
vn 0.954284 -0.280203 0.104060
vn 0.931050 -0.347264 0.112046
vn 0.885007 -0.456253 0.092710
vn 0.884010 -0.455739 0.104060
vn 0.990068 -0.094540 0.104060
vn 0.970994 -0.211227 0.112046
vn 0.990068 -0.094540 0.104060
vn 0.955692 -0.280617 0.088916
vn 0.954284 -0.280203 0.104060
vn 0.954284 -0.280203 0.104060
vn 0.991185 -0.094646 0.092710
vn 0.966268 -0.069109 0.248095
vn 0.146073 -0.011792 0.989204
vn 0.966268 0.069109 0.248095
vn 0.966268 0.069109 0.248095
vn 0.853768 0.061063 0.517061
vn 0.853768 0.061063 0.517061
vn 0.946597 0.205919 0.248095
vn 0.907656 0.338538 0.248095
vn 0.946597 0.205920 0.248095
vn 0.668366 0.047803 0.742295
vn 0.668366 0.047803 0.742295
vn 0.836387 0.181945 0.517061
vn 0.836388 0.181945 0.517061
vn 0.425582 0.030438 0.904408
vn 0.146075 0.010448 0.989218
vn 0.143637 0.011596 0.989563
vn 0.425582 0.030438 0.904408
vn 0.907657 0.338538 0.248095
vn 0.654760 0.142434 0.742295
vn 0.654760 0.142434 0.742295
vn 0.857517 0.468240 0.213112
vn 0.869694 0.426416 0.248601
vn 0.801981 0.299124 0.517060
vn 0.801981 0.299123 0.517061
vn 0.416919 0.090695 0.904408
vn 0.416919 0.090695 0.904408
vn 0.145083 0.031561 0.988916
vn 0.138202 0.034064 0.989818
vn 0.768094 0.376601 0.517883
vn 0.768094 0.376599 0.517885
vn 0.837089 0.487388 0.248464
vn 0.627825 0.234167 0.742295
vn 0.627825 0.234166 0.742295
vn 0.600926 0.294635 0.743020
vn 0.600926 0.294636 0.743019
vn 0.739388 0.430503 0.517660
vn 0.739388 0.430502 0.517661
vn 0.399768 0.149106 0.904408
vn 0.140488 0.052399 0.988695
vn 0.399768 0.149106 0.904408
vn 0.129904 0.055347 0.989981
vn 0.382418 0.187501 0.904765
vn 0.782494 0.585767 0.211141
vn 0.795141 0.553156 0.248533
vn 0.382418 0.187501 0.904765
vn 0.131214 0.064335 0.989264
vn 0.753650 0.608469 0.248549
vn 0.578563 0.336864 0.742824
vn 0.578563 0.336864 0.742824
vn 0.702293 0.488564 0.517773
vn 0.549491 0.382265 0.742922
vn 0.665638 0.537411 0.517798
vn 0.702293 0.488564 0.517773
vn 0.665639 0.537411 0.517798
vn 0.368245 0.214408 0.904669
vn 0.126363 0.073574 0.989252
vn 0.368245 0.214408 0.904668
vn 0.118894 0.075184 0.990056
vn 0.549492 0.382265 0.742922
vn 0.690711 0.690711 0.214095
vn 0.702265 0.667158 0.248445
vn 0.652852 0.715525 0.248613
vn 0.520802 0.420476 0.742944
vn 0.520802 0.420476 0.742944
vn 0.349714 0.243285 0.904717
vn 0.349714 0.243285 0.904717
vn 0.119998 0.083479 0.989258
vn 0.331449 0.267599 0.904728
vn 0.620310 0.589300 0.517630
vn 0.620310 0.589300 0.517630
vn 0.576578 0.631929 0.517902
vn 0.576578 0.631929 0.517902
vn 0.331449 0.267599 0.904728
vn 0.105338 0.093322 0.990048
vn 0.113730 0.091821 0.989259
vn 0.485398 0.461132 0.742796
vn 0.308954 0.293508 0.904655
vn 0.485398 0.461132 0.742796
vn 0.524025 0.676489 0.517455
vn 0.584331 0.780575 0.221943
vn 0.593202 0.765793 0.248338
vn 0.451085 0.494389 0.743036
vn 0.451085 0.494389 0.743036
vn 0.106018 0.100718 0.989250
vn 0.308953 0.293508 0.904655
vn 0.524025 0.676489 0.517455
vn 0.098494 0.107949 0.989265
vn 0.089416 0.109514 0.989955
vn 0.287058 0.314616 0.904773
vn 0.287058 0.314616 0.904773
vn 0.410108 0.529427 0.742643
vn 0.410108 0.529427 0.742643
vn 0.465874 0.853185 0.234601
vn 0.480255 0.831825 0.278248
vn 0.089592 0.115658 0.989240
vn 0.261064 0.337020 0.904579
vn 0.261064 0.337020 0.904579
vn 0.428054 0.741412 0.516796
vn 0.428054 0.741412 0.516796
vn 0.335165 0.580523 0.742063
vn 0.335165 0.580523 0.742063
vn 0.338538 0.907656 0.248095
vn 0.343765 0.901453 0.263075
vn 0.213456 0.369717 0.904293
vn 0.073274 0.126915 0.989204
vn 0.073274 0.126915 0.989204
vn 0.213456 0.369717 0.904293
vn 0.238830 0.626283 0.742112
vn 0.305033 0.799887 0.516852
vn 0.305033 0.799887 0.516851
vn 0.205919 0.946597 0.248095
vn 0.205920 0.946597 0.248095
vn 0.238830 0.626283 0.742112
vn 0.181945 0.836387 0.517061
vn 0.181945 0.836388 0.517060
vn 0.052210 0.136910 0.989207
vn 0.152098 0.398845 0.904317
vn 0.051773 0.136515 0.989284
vn 0.152098 0.398845 0.904317
vn 0.069109 0.966268 0.248095
vn 0.069109 0.966268 0.248095
vn 0.142434 0.654760 0.742295
vn 0.142434 0.654760 0.742295
vn -0.069620 0.973413 0.218221
vn -0.019506 0.968399 0.248642
vn 0.061063 0.853768 0.517061
vn 0.061063 0.853768 0.517061
vn -0.017227 0.855237 0.517951
vn 0.090695 0.416919 0.904408
vn 0.090695 0.416919 0.904408
vn 0.031225 0.143540 0.989152
vn 0.028743 0.140794 0.989622
vn -0.017226 0.855237 0.517950
vn -0.088545 0.964607 0.248383
vn 0.047803 0.668366 0.742295
vn 0.047803 0.668366 0.742295
vn -0.013476 0.669070 0.743077
vn -0.013476 0.669070 0.743077
vn -0.207718 0.954867 0.212323
vn -0.165868 0.954301 0.248589
vn -0.078217 0.852083 0.517529
vn -0.078216 0.852083 0.517529
vn -0.146492 0.842826 0.517865
vn 0.030438 0.425582 0.904408
vn 0.030438 0.425582 0.904408
vn 0.010616 0.148436 0.988865
vn -0.008575 0.425764 0.904794
vn 0.005720 0.141946 0.989858
vn -0.008576 0.425763 0.904794
vn -0.002943 0.146083 0.989268
vn -0.146492 0.842827 0.517864
vn -0.233532 0.940063 0.248483
vn -0.061210 0.666813 0.742707
vn -0.061210 0.666813 0.742707
vn -0.114611 0.659402 0.743003
vn -0.114612 0.659403 0.743002
vn -0.206272 0.830330 0.517691
vn -0.206272 0.830330 0.517691
vn -0.038962 0.424453 0.904611
vn -0.038963 0.424453 0.904611
vn -0.017002 0.140021 0.990003
vn -0.013371 0.145659 0.989245
vn -0.072938 0.419638 0.904756
vn -0.341571 0.915787 0.211338
vn -0.308414 0.918215 0.248518
vn -0.025026 0.143986 0.989263
vn -0.072938 0.419638 0.904756
vn -0.373129 0.893863 0.248562
vn -0.161401 0.649710 0.742850
vn -0.161402 0.649711 0.742850
vn -0.102727 0.413520 0.904681
vn -0.272405 0.811008 0.517747
vn -0.272405 0.811008 0.517747
vn -0.329551 0.789467 0.517821
vn -0.329551 0.789466 0.517822
vn -0.039128 0.135084 0.990061
vn -0.035250 0.141897 0.989254
vn -0.102727 0.413520 0.904681
vn -0.213140 0.634564 0.742899
vn -0.257840 0.617675 0.742965
vn -0.213141 0.634565 0.742899
vn -0.468012 0.857100 0.215276
vn -0.443862 0.860971 0.248425
vn -0.504125 0.827070 0.248623
vn -0.257839 0.617676 0.742964
vn -0.046547 0.138581 0.989257
vn -0.135652 0.403864 0.904706
vn -0.135652 0.403864 0.904706
vn -0.392069 0.760509 0.517598
vn -0.392070 0.760509 0.517597
vn -0.445223 0.730435 0.517920
vn -0.445224 0.730435 0.517919
vn -0.164091 0.393095 0.904738
vn -0.164091 0.393095 0.904738
vn -0.056304 0.134881 0.989261
vn -0.060365 0.127218 0.990036
vn -0.306805 0.595119 0.742767
vn -0.306805 0.595119 0.742768
vn -0.569089 0.783887 0.248314
vn -0.584037 0.780182 0.224093
vn -0.348316 0.571447 0.743051
vn -0.348315 0.571447 0.743051
vn -0.195285 0.378799 0.904641
vn -0.195284 0.378799 0.904641
vn -0.067014 0.129988 0.989248
vn -0.502734 0.692487 0.517416
vn -0.502734 0.692487 0.517417
vn -0.221656 0.363649 0.904781
vn -0.221656 0.363649 0.904780
vn -0.076053 0.124772 0.989266
vn -0.080428 0.116521 0.989926
vn -0.393456 0.541964 0.742609
vn -0.393456 0.541964 0.742609
vn -0.686841 0.686841 0.237698
vn -0.593047 0.617427 0.516796
vn -0.665881 0.693256 0.275680
vn -0.250471 0.345009 0.904562
vn -0.250471 0.345009 0.904562
vn -0.085958 0.118402 0.989238
vn -0.593047 0.617428 0.516796
vn -0.464354 0.483444 0.742063
vn -0.464354 0.483444 0.742063
vn -0.775513 0.580542 0.248095
vn -0.769959 0.583010 0.259349
vn -0.295733 0.307890 0.904293
vn -0.295733 0.307890 0.904293
vn -0.101518 0.105691 0.989204
vn -0.101518 0.105691 0.989204
vn -0.682469 0.516763 0.516906
vn -0.682469 0.516763 0.516906
vn -0.850239 0.464266 0.248095
vn -0.850239 0.464266 0.248095
vn -0.751248 0.410213 0.517061
vn -0.534327 0.404591 0.742159
vn -0.340270 0.257651 0.904341
vn -0.534327 0.404591 0.742159
vn -0.588109 0.321132 0.742296
vn -0.751248 0.410212 0.517061
vn -0.340270 0.257652 0.904341
vn -0.116801 0.088441 0.989210
vn -0.116307 0.087399 0.989360
vn -0.907656 0.338538 0.248095
vn -0.907657 0.338538 0.248095
vn -0.801981 0.299123 0.517061
vn -0.588109 0.321132 0.742295
vn -0.953939 0.207516 0.216651
vn -0.935133 0.252404 0.248634
vn -0.801981 0.299124 0.517060
vn -0.825865 0.222911 0.517936
vn -0.126903 0.066604 0.989677
vn -0.374479 0.204481 0.904408
vn -0.129303 0.070605 0.989088
vn -0.374479 0.204481 0.904408
vn -0.825865 0.222913 0.517935
vn -0.950814 0.185061 0.248404
vn -0.646098 0.174391 0.743065
vn -0.627825 0.234167 0.742295
vn -0.627825 0.234167 0.742295
vn -0.399768 0.149106 0.904408
vn -0.646098 0.174389 0.743065
vn -0.974837 0.069722 0.211733
vn -0.962579 0.107946 0.248576
vn -0.839885 0.163469 0.517563
vn -0.850146 0.095338 0.517844
vn -0.839884 0.163470 0.517564
vn -0.399768 0.149106 0.904408
vn -0.134512 0.044907 0.989894
vn -0.139729 0.052116 0.988817
vn -0.411150 0.110974 0.904787
vn -0.411150 0.110974 0.904787
vn -0.141069 0.038076 0.989267
vn -0.850147 0.095339 0.517843
vn -0.967846 0.039004 0.248500
vn -0.657249 0.127922 0.742738
vn -0.665140 0.074592 0.742984
vn -0.657248 0.127923 0.742739
vn -0.665140 0.074591 0.742984
vn -0.854857 0.034449 0.517719
vn -0.854856 0.034450 0.517720
vn -0.418355 0.081426 0.904626
vn -0.143564 0.027942 0.989246
vn -0.418355 0.081426 0.904626
vn -0.139094 0.022605 0.990021
vn -0.967846 -0.039004 0.248500
vn -0.974837 -0.069722 0.211733
vn -0.423295 0.047470 0.904748
vn -0.145242 0.016288 0.989262
vn -0.423295 0.047470 0.904747
vn -0.962579 -0.107946 0.248576
vn -0.668887 0.026955 0.742875
vn -0.668887 0.026955 0.742875
vn -0.854856 -0.034449 0.517720
vn -0.854857 -0.034450 0.517719
vn -0.850147 -0.095338 0.517843
vn -0.850146 -0.095339 0.517844
vn -0.425717 0.017156 0.904694
vn -0.146081 0.005887 0.989255
vn -0.425717 0.017156 0.904694
vn -0.140625 0.000000 0.990063
vn -0.668887 -0.026955 0.742875
vn -0.668887 -0.026955 0.742875
vn -0.665140 -0.074592 0.742984
vn -0.953939 -0.207516 0.216651
vn -0.950814 -0.185061 0.248404
vn -0.935133 -0.252404 0.248634
vn -0.665140 -0.074591 0.742984
vn -0.425717 -0.017156 0.904694
vn -0.425717 -0.017156 0.904694
vn -0.146081 -0.005887 0.989255
vn -0.839884 -0.163469 0.517564
vn -0.839884 -0.163470 0.517563
vn -0.825865 -0.222913 0.517935
vn -0.825865 -0.222911 0.517936
vn -0.423295 -0.047470 0.904748
vn -0.423295 -0.047470 0.904747
vn -0.139094 -0.022605 0.990021
vn -0.145242 -0.016288 0.989262
vn -0.657249 -0.127923 0.742738
vn -0.657248 -0.127922 0.742739
vn -0.912614 -0.340387 0.226435
vn -0.911874 -0.326862 0.248290
vn -0.805569 -0.288757 0.517377
vn -0.646098 -0.174391 0.743065
vn -0.646098 -0.174389 0.743065
vn -0.418355 -0.081426 0.904626
vn -0.418355 -0.081426 0.904626
vn -0.143564 -0.027942 0.989246
vn -0.411150 -0.110974 0.904787
vn -0.805568 -0.288757 0.517377
vn -0.630484 -0.225998 0.742573
vn -0.134512 -0.044907 0.989894
vn -0.411150 -0.110974 0.904787
vn -0.141069 -0.038076 0.989267
vn -0.630484 -0.225998 0.742573
vn -0.851842 -0.447082 0.272915
vn -0.851814 -0.465126 0.240981
vn -0.401372 -0.143872 0.904545
vn -0.401372 -0.143872 0.904545
vn -0.137747 -0.049376 0.989236
vn -0.758046 -0.397854 0.516796
vn -0.758046 -0.397853 0.516797
vn -0.593548 -0.311518 0.742063
vn -0.593548 -0.311518 0.742063
vn -0.776064 -0.576532 0.255610
vn -0.687146 -0.510475 0.516958
vn -0.775513 -0.580542 0.248095
vn -0.378012 -0.198396 0.904293
vn -0.129762 -0.068104 0.989204
vn -0.378012 -0.198396 0.904293
vn -0.129762 -0.068104 0.989204
vn -0.687145 -0.510475 0.516958
vn -0.685000 -0.685000 0.248095
vn -0.685000 -0.685000 0.248095
vn -0.537967 -0.399652 0.742206
vn -0.537967 -0.399652 0.742206
vn -0.342576 -0.254497 0.904363
vn -0.605247 -0.605247 0.517060
vn -0.605247 -0.605247 0.517060
vn -0.473813 -0.473813 0.742296
vn -0.117589 -0.087356 0.989213
vn -0.342576 -0.254497 0.904363
vn -0.115917 -0.087106 0.989432
vn -0.512951 -0.685222 0.517060
vn -0.580542 -0.775513 0.248095
vn -0.580542 -0.775513 0.248095
vn -0.301701 -0.301701 0.904408
vn -0.473813 -0.473813 0.742296
vn -0.468012 -0.857100 0.215276
vn -0.504125 -0.827070 0.248623
vn -0.512951 -0.685222 0.517061
vn -0.301701 -0.301701 0.904408
vn -0.104461 -0.104461 0.989028
vn -0.099036 -0.103108 0.989728
vn -0.445224 -0.730435 0.517920
vn -0.445223 -0.730436 0.517919
vn -0.443862 -0.860971 0.248425
vn -0.401560 -0.536421 0.742296
vn -0.401560 -0.536421 0.742296
vn -0.348316 -0.571447 0.743051
vn -0.348316 -0.571447 0.743051
vn -0.341571 -0.915787 0.211338
vn -0.373129 -0.893863 0.248562
vn -0.392069 -0.760509 0.517597
vn -0.392070 -0.760508 0.517598
vn -0.255693 -0.341566 0.904408
vn -0.255693 -0.341566 0.904408
vn -0.089547 -0.119621 0.988773
vn -0.221656 -0.363649 0.904780
vn -0.080428 -0.116521 0.989926
vn -0.221656 -0.363649 0.904781
vn -0.076053 -0.124772 0.989266
vn -0.329551 -0.789466 0.517822
vn -0.329551 -0.789467 0.517821
vn -0.308414 -0.918215 0.248517
vn -0.272405 -0.811008 0.517747
vn -0.306805 -0.595119 0.742768
vn -0.306805 -0.595119 0.742767
vn -0.257840 -0.617675 0.742965
vn -0.257839 -0.617676 0.742964
vn -0.272405 -0.811008 0.517747
vn -0.195285 -0.378799 0.904641
vn -0.195285 -0.378799 0.904641
vn -0.067014 -0.129988 0.989248
vn -0.060365 -0.127218 0.990036
vn -0.207718 -0.954867 0.212323
vn -0.233532 -0.940063 0.248483
vn -0.164091 -0.393095 0.904738
vn -0.164091 -0.393095 0.904738
vn -0.056304 -0.134881 0.989261
vn -0.165868 -0.954301 0.248589
vn -0.135652 -0.403864 0.904706
vn -0.213141 -0.634564 0.742899
vn -0.213140 -0.634565 0.742899
vn -0.146492 -0.842826 0.517864
vn -0.206272 -0.830330 0.517691
vn -0.206272 -0.830330 0.517691
vn -0.146492 -0.842826 0.517865
vn -0.046547 -0.138581 0.989257
vn -0.039128 -0.135084 0.990061
vn -0.135652 -0.403864 0.904706
vn -0.161401 -0.649711 0.742850
vn -0.161402 -0.649710 0.742850
vn -0.088545 -0.964607 0.248383
vn -0.069620 -0.973413 0.218221
vn -0.019506 -0.968399 0.248642
vn -0.114611 -0.659403 0.743002
vn -0.114612 -0.659402 0.743003
vn -0.102727 -0.413520 0.904681
vn -0.035250 -0.141897 0.989254
vn -0.102727 -0.413520 0.904681
vn -0.072938 -0.419638 0.904756
vn -0.078216 -0.852083 0.517529
vn -0.078217 -0.852083 0.517529
vn -0.017226 -0.855237 0.517950
vn -0.017227 -0.855237 0.517951
vn -0.025026 -0.143986 0.989263
vn -0.072938 -0.419638 0.904756
vn -0.017002 -0.140021 0.990003
vn -0.061210 -0.666813 0.742707
vn -0.061210 -0.666813 0.742707
vn 0.058488 -0.966925 0.248264
vn 0.069444 -0.970954 0.228967
vn -0.013476 -0.669070 0.743077
vn -0.013476 -0.669070 0.743077
vn -0.038962 -0.424453 0.904611
vn -0.038963 -0.424453 0.904611
vn -0.013371 -0.145659 0.989245
vn 0.051671 -0.854221 0.517336
vn 0.051671 -0.854221 0.517335
vn 0.040442 -0.668583 0.742537
vn -0.008575 -0.425764 0.904794
vn -0.008576 -0.425763 0.904794
vn -0.002943 -0.146083 0.989268
vn 0.005720 -0.141946 0.989858
vn 0.025746 -0.425638 0.904527
vn 0.040442 -0.668583 0.742537
vn 0.171244 -0.838807 0.516797
vn 0.206116 -0.947503 0.244447
vn 0.192600 -0.943415 0.269951
vn 0.025747 -0.425638 0.904527
vn 0.008836 -0.146078 0.989234
vn 0.171244 -0.838807 0.516796
vn 0.134083 -0.656783 0.742063
vn 0.134083 -0.656783 0.742063
vn 0.085393 -0.418284 0.904293
vn 0.336538 -0.907364 0.251859
vn 0.338539 -0.907657 0.248095
vn 0.029313 -0.143587 0.989204
vn 0.085393 -0.418285 0.904293
vn 0.029313 -0.143587 0.989204
vn 0.297665 -0.802556 0.517010
vn 0.297665 -0.802556 0.517011
vn 0.464266 -0.850239 0.248095
vn 0.464266 -0.850239 0.248095
vn 0.233034 -0.628298 0.742251
vn 0.233034 -0.628298 0.742251
vn 0.410212 -0.751248 0.517061
vn 0.410213 -0.751248 0.517061
vn 0.321132 -0.588109 0.742295
vn 0.148389 -0.400083 0.904386
vn 0.050934 -0.137326 0.989215
vn 0.148390 -0.400083 0.904386
vn 0.051253 -0.135144 0.989499
vn 0.580542 -0.775513 0.248095
vn 0.580542 -0.775513 0.248095
vn 0.204481 -0.374479 0.904408
vn 0.321132 -0.588109 0.742296
vn 0.690711 -0.690711 0.214095
vn 0.652852 -0.715525 0.248613
vn 0.512951 -0.685222 0.517060
vn 0.512951 -0.685222 0.517061
vn 0.071320 -0.123529 0.989775
vn 0.070984 -0.129997 0.988970
vn 0.204481 -0.374479 0.904408
vn 0.576578 -0.631929 0.517902
vn 0.576578 -0.631929 0.517902
vn 0.702265 -0.667158 0.248445
vn 0.401559 -0.536421 0.742296
vn 0.401560 -0.536421 0.742296
vn 0.451085 -0.494389 0.743036
vn 0.451085 -0.494389 0.743036
vn 0.753650 -0.608469 0.248549
vn 0.782494 -0.585767 0.211141
vn 0.620310 -0.589300 0.517630
vn 0.620310 -0.589300 0.517630
vn 0.665638 -0.537412 0.517798
vn 0.089709 -0.119838 0.988732
vn 0.255693 -0.341566 0.904408
vn 0.089416 -0.109514 0.989955
vn 0.255693 -0.341566 0.904408
vn 0.287058 -0.314616 0.904773
vn 0.098494 -0.107949 0.989265
vn 0.287059 -0.314616 0.904773
vn 0.665638 -0.537411 0.517798
vn 0.795141 -0.553156 0.248533
vn 0.485398 -0.461132 0.742796
vn 0.485398 -0.461132 0.742796
vn 0.520802 -0.420476 0.742944
vn 0.520802 -0.420476 0.742944
vn 0.702293 -0.488564 0.517773
vn 0.702293 -0.488564 0.517773
vn 0.308953 -0.293508 0.904655
vn 0.308954 -0.293508 0.904655
vn 0.106018 -0.100718 0.989250
vn 0.331449 -0.267600 0.904728
vn 0.105338 -0.093322 0.990048
vn 0.837089 -0.487388 0.248464
vn 0.857517 -0.468240 0.213112
vn 0.739388 -0.430502 0.517661
vn 0.331449 -0.267599 0.904728
vn 0.113730 -0.091821 0.989260
vn 0.869694 -0.426416 0.248601
vn 0.549492 -0.382265 0.742922
vn 0.549491 -0.382265 0.742922
vn 0.739388 -0.430503 0.517660
vn 0.768093 -0.376600 0.517885
vn 0.768095 -0.376599 0.517883
vn 0.349713 -0.243285 0.904717
vn 0.349714 -0.243285 0.904717
vn 0.119998 -0.083479 0.989258
vn 0.118894 -0.075184 0.990056
vn 0.578563 -0.336864 0.742824
vn 0.368245 -0.214408 0.904668
vn 0.578563 -0.336864 0.742824
vn 0.913997 -0.340904 0.219985
vn 0.901244 -0.355073 0.248360
vn 0.600925 -0.294636 0.743020
vn 0.600926 -0.294636 0.743019
vn 0.368245 -0.214408 0.904669
vn 0.126363 -0.073574 0.989252
vn 0.796127 -0.313660 0.517493
vn 0.796128 -0.313659 0.517492
vn 0.623041 -0.245467 0.742675
vn 0.382418 -0.187501 0.904765
vn 0.382418 -0.187501 0.904765
vn 0.131214 -0.064335 0.989264
vn 0.129904 -0.055347 0.989981
vn 0.396601 -0.156253 0.904595
vn 0.623040 -0.245466 0.742676
vn 0.960630 -0.077550 0.266789
vn 0.950558 -0.206781 0.231690
vn 0.931928 -0.229700 0.280621
vn 0.136103 -0.053622 0.989243
vn 0.396600 -0.156253 0.904596
vn 0.142290 -0.035071 0.989204
vn 0.853332 -0.068888 0.516797
vn 0.831232 -0.204880 0.516796
vn 0.831232 -0.204880 0.516796
vn 0.853332 -0.068888 0.516796
vn 0.668157 -0.053939 0.742063
vn 0.650851 -0.160420 0.742064
vn 0.650851 -0.160420 0.742063
vn 0.668156 -0.053939 0.742064
vn 0.414507 -0.102167 0.904293
vn 0.425528 -0.034352 0.904293
vn 0.146073 -0.011792 0.989204
vn 0.414507 -0.102167 0.904293
vn 0.142290 -0.035071 0.989204
vn 0.425528 -0.034352 0.904293
vn 0.000000 0.000000 -1.000000
vn 0.000000 0.000000 -1.000000
vn 0.000000 0.000000 -1.000000
vn 0.000000 0.000000 -1.000000
vn 0.000000 0.000000 -1.000000
vn 0.000000 0.000000 -1.000000
vn 0.000000 0.000000 -1.000000
vn 0.000000 0.000000 -1.000000
vn 0.000000 0.000000 -1.000000
vn 0.000000 0.000000 -1.000000
vn 0.000000 0.000000 -1.000000
vn 0.000000 0.000000 -1.000000
vn 0.000000 -0.000000 -1.000000
vn 0.000000 -0.000000 -1.000000
vn 0.000000 0.000000 -1.000000
vn 0.000000 -0.000000 -1.000000
vn 0.000000 0.000000 -1.000000
vn 0.000000 -0.000000 -1.000000
vn 0.000000 0.000000 -1.000000
vn 0.000000 0.000000 -1.000000
vn 0.000000 0.000000 -1.000000
vn 0.000000 -0.000000 -1.000000
vn 0.000000 -0.000000 -1.000000
vn 0.000000 0.000000 -1.000000
vn 0.000000 -0.000000 -1.000000
vn 0.000000 -0.000000 -1.000000
vn 0.000000 0.000000 -1.000000
vn 0.000000 0.000000 -1.000000
vn 0.000000 -0.000000 -1.000000
vn 0.000000 0.000000 -1.000000
vn 0.000000 -0.000000 -1.000000
vn 0.000000 -0.000000 -1.000000
vn 0.000000 0.000000 -1.000000
vn 0.000000 0.000000 -1.000000
vn 0.000000 0.000000 -1.000000
vn 0.000000 0.000000 -1.000000
vn 0.000000 0.000000 -1.000000
vn -0.000000 -0.000000 -1.000000
vn -0.000000 -0.000000 -1.000000
vn 0.000000 0.000000 -1.000000
vn 0.000000 0.000000 -1.000000
vn 0.000000 0.000000 -1.000000
vn 0.000000 0.000000 -1.000000
vn 0.000000 0.000000 -1.000000
vn -0.000000 -0.000000 -1.000000
vn 0.000000 0.000000 1.000000
vn 0.000000 0.000000 1.000000
vn 0.000000 0.000000 1.000000
vn 0.000000 0.000000 1.000000
vn 0.000000 0.000000 1.000000
vn 0.000000 0.000000 1.000000
vn 0.000000 0.000000 1.000000
vn 0.000000 0.000000 1.000000
vn 0.000000 0.000000 1.000000
vn 0.000000 0.000000 1.000000
vn 0.000000 0.000000 1.000000
vn 0.000000 0.000000 1.000000
vn 0.000000 0.000000 1.000000
vn 0.000000 0.000000 1.000000
vn 0.000000 0.000000 1.000000
vn 0.000000 0.000000 1.000000
vn 0.000000 0.000000 1.000000
vn 0.000000 0.000000 1.000000
vn 0.000000 0.000000 1.000000
vn 0.000000 0.000000 1.000000
vn 0.000000 0.000000 1.000000
vn 0.000000 0.000000 1.000000
vn 0.000000 0.000000 1.000000
vn 0.000000 0.000000 1.000000
vn 0.000000 0.000000 1.000000
vn 0.000000 0.000000 1.000000
vn 0.000000 0.000000 1.000000
vn 0.000000 0.000000 1.000000
vn 0.000000 0.000000 1.000000
vn 0.000000 0.000000 1.000000
vn 0.000000 0.000000 1.000000
vn 0.000000 0.000000 1.000000
vn 0.000000 0.000000 1.000000
vn 0.000000 0.000000 1.000000
vn 0.000000 0.000000 1.000000
vn 0.000000 0.000000 1.000000
vn 0.000000 0.000000 1.000000
g MeshExport
f 1//1 2//1 3//1
f 4//2 5//2 6//2
f 1//3 7//3 2//3
f 5//4 8//4 6//4
f 9//5 1//5 3//5
f 9//6 3//6 10//6
f 11//7 9//7 10//7
f 11//8 10//8 12//8
f 11//9 12//9 13//9
f 14//10 1//10 9//10
f 14//11 15//11 1//11
f 14//12 6//12 15//12
f 16//13 11//13 13//13
f 16//14 13//14 17//14
f 18//15 14//15 9//15
f 18//16 11//16 16//16
f 18//17 9//17 11//17
f 19//18 14//18 18//18
f 19//19 20//19 4//19
f 19//20 4//20 6//20
f 19//21 6//21 14//21
f 21//22 17//22 22//22
f 21//23 16//23 17//23
f 23//24 18//24 16//24
f 23//25 16//25 21//25
f 24//26 25//26 20//26
f 24//27 19//27 18//27
f 24//28 20//28 19//28
f 26//29 22//29 27//29
f 26//30 27//30 28//30
f 26//31 21//31 22//31
f 29//32 23//32 21//32
f 30//33 31//33 25//33
f 30//34 32//34 31//34
f 30//35 25//35 24//35
f 30//36 24//36 18//36
f 30//37 18//37 23//37
f 33//38 28//38 34//38
f 33//39 26//39 28//39
f 35//40 29//40 21//40
f 35//41 21//41 26//41
f 36//42 37//42 32//42
f 36//43 32//43 30//43
f 36//44 23//44 29//44
f 36//45 29//45 35//45
f 36//46 30//46 23//46
f 38//47 34//47 39//47
f 38//48 39//48 40//48
f 38//49 33//49 34//49
f 41//50 26//50 33//50
f 41//51 35//51 26//51
f 42//52 43//52 37//52
f 42//53 37//53 36//53
f 42//54 36//54 35//54
f 44//55 38//55 40//55
f 44//56 40//56 45//56
f 46//57 38//57 44//57
f 46//58 33//58 38//58
f 46//59 41//59 33//59
f 47//60 48//60 43//60
f 47//61 49//61 48//61
f 47//62 42//62 35//62
f 47//63 43//63 42//63
f 47//64 35//64 41//64
f 47//65 41//65 46//65
f 50//66 45//66 51//66
f 50//67 51//67 52//67
f 50//68 44//68 45//68
f 53//69 46//69 44//69
f 54//70 55//70 49//70
f 54//71 49//71 47//71
f 54//72 47//72 46//72
f 56//73 52//73 57//73
f 56//74 50//74 52//74
f 58//75 53//75 44//75
f 58//76 44//76 50//76
f 59//77 60//77 55//77
f 59//78 55//78 54//78
f 59//79 54//79 46//79
f 59//80 46//80 53//80
f 61//81 56//81 57//81
f 61//82 57//82 62//82
f 63//83 58//83 50//83
f 63//84 50//84 56//84
f 63//85 56//85 61//85
f 64//86 53//86 58//86
f 64//87 65//87 60//87
f 64//88 66//88 65//88
f 64//89 60//89 59//89
f 64//90 59//90 53//90
f 67//91 62//91 68//91
f 67//92 68//92 69//92
f 67//93 61//93 62//93
f 70//94 63//94 61//94
f 71//95 72//95 66//95
f 71//96 64//96 58//96
f 71//97 58//97 63//97
f 71//98 66//98 64//98
f 73//99 67//99 69//99
f 73//100 69//100 74//100
f 75//101 61//101 67//101
f 75//102 70//102 61//102
f 76//103 63//103 70//103
f 76//104 77//104 72//104
f 76//105 72//105 71//105
f 76//106 71//106 63//106
f 78//107 73//107 74//107
f 78//108 74//108 79//108
f 78//109 79//109 80//109
f 81//110 75//110 67//110
f 81//111 67//111 73//111
f 82//112 76//112 70//112
f 82//113 75//113 81//113
f 82//114 83//114 77//114
f 82//115 84//115 83//115
f 82//116 70//116 75//116
f 82//117 77//117 76//117
f 85//118 78//118 80//118
f 85//119 80//119 86//119
f 87//120 73//120 78//120
f 87//121 81//121 73//121
f 88//122 84//122 82//122
f 88//123 89//123 84//123
f 88//124 82//124 81//124
f 90//125 85//125 86//125
f 90//126 86//126 91//126
f 92//127 87//127 78//127
f 92//128 85//128 90//128
f 92//129 78//129 85//129
f 93//130 88//130 81//130
f 93//131 81//131 87//131
f 93//132 89//132 88//132
f 93//133 94//133 89//133
f 95//134 90//134 91//134
f 95//135 91//135 96//135
f 95//136 96//136 97//136
f 98//137 92//137 90//137
f 99//138 87//138 92//138
f 99//139 93//139 87//139
f 99//140 92//140 98//140
f 99//141 100//141 94//141
f 99//142 101//142 100//142
f 99//143 94//143 93//143
f 102//144 95//144 97//144
f 102//145 97//145 103//145
f 104//146 98//146 90//146
f 104//147 90//147 95//147
f 105//148 106//148 101//148
f 105//149 99//149 98//149
f 105//150 101//150 99//150
f 107//151 102//151 103//151
f 107//152 103//152 108//152
f 107//153 108//153 109//153
f 110//154 104//154 95//154
f 110//155 95//155 102//155
f 111//156 106//156 105//156
f 111//157 112//157 106//157
f 111//158 105//158 98//158
f 111//159 98//159 104//159
f 113//160 107//160 109//160
f 113//161 109//161 114//161
f 115//162 110//162 102//162
f 115//163 102//163 107//163
f 116//164 110//164 115//164
f 116//165 117//165 112//165
f 116//166 118//166 117//166
f 116//167 112//167 111//167
f 116//168 104//168 110//168
f 116//169 111//169 104//169
f 119//170 113//170 114//170
f 119//171 114//171 120//171
f 119//172 120//172 121//172
f 122//173 107//173 113//173
f 122//174 115//174 107//174
f 123//175 124//175 118//175
f 123//176 118//176 116//176
f 123//177 116//177 115//177
f 125//178 119//178 121//178
f 125//179 121//179 126//179
f 127//180 122//180 113//180
f 127//181 113//181 119//181
f 128//182 129//182 124//182
f 128//183 115//183 122//183
f 128//184 124//184 123//184
f 128//185 123//185 115//185
f 128//186 122//186 127//186
f 130//187 125//187 126//187
f 130//188 126//188 131//188
f 132//189 127//189 119//189
f 132//190 119//190 125//190
f 133//191 134//191 129//191
f 133//192 135//192 134//192
f 133//193 127//193 132//193
f 133//194 128//194 127//194
f 133//195 129//195 128//195
f 136//196 130//196 131//196
f 136//197 131//197 137//197
f 136//198 137//198 138//198
f 139//199 130//199 136//199
f 139//200 125//200 130//200
f 139//201 132//201 125//201
f 140//202 141//202 135//202
f 140//203 135//203 133//203
f 140//204 133//204 132//204
f 142//205 138//205 143//205
f 142//206 136//206 138//206
f 144//207 139//207 136//207
f 145//208 146//208 141//208
f 145//209 141//209 140//209
f 145//210 132//210 139//210
f 145//211 140//211 132//211
f 147//212 142//212 143//212
f 147//213 143//213 148//213
f 147//214 148//214 149//214
f 150//215 136//215 142//215
f 150//216 144//216 136//216
f 151//217 139//217 144//217
f 151//218 152//218 146//218
f 151//219 153//219 152//219
f 151//220 145//220 139//220
f 151//221 146//221 145//221
f 154//222 147//222 149//222
f 154//223 149//223 155//223
f 156//224 150//224 142//224
f 156//225 142//225 147//225
f 157//226 144//226 150//226
f 157//227 153//227 151//227
f 157//228 151//228 144//228
f 157//229 158//229 153//229
f 159//230 154//230 155//230
f 159//231 155//231 160//231
f 159//232 160//232 161//232
f 162//233 156//233 147//233
f 162//234 147//234 154//234
f 163//235 156//235 162//235
f 163//236 158//236 157//236
f 163//237 164//237 158//237
f 163//238 150//238 156//238
f 163//239 157//239 150//239
f 165//240 159//240 161//240
f 165//241 161//241 166//241
f 167//242 154//242 159//242
f 167//243 162//243 154//243
f 168//244 163//244 162//244
f 168//245 164//245 163//245
f 168//246 169//246 164//246
f 168//247 170//247 169//247
f 171//248 165//248 166//248
f 171//249 166//249 172//249
f 173//250 159//250 165//250
f 173//251 167//251 159//251
f 174//252 162//252 167//252
f 174//253 168//253 162//253
f 174//254 167//254 173//254
f 174//255 175//255 170//255
f 174//256 170//256 168//256
f 176//257 171//257 172//257
f 176//258 172//258 177//258
f 176//259 177//259 178//259
f 179//260 173//260 165//260
f 179//261 165//261 171//261
f 180//262 174//262 173//262
f 180//263 181//263 175//263
f 180//264 175//264 174//264
f 182//265 1//265 15//265
f 182//266 176//266 178//266
f 182//267 7//267 1//267
f 182//268 178//268 7//268
f 183//269 171//269 176//269
f 183//270 179//270 171//270
f 184//271 173//271 179//271
f 184//272 185//272 181//272
f 184//273 186//273 185//273
f 184//274 181//274 180//274
f 184//275 179//275 183//275
f 184//276 180//276 173//276
f 187//277 182//277 15//277
f 187//278 183//278 176//278
f 187//279 176//279 182//279
f 188//280 189//280 186//280
f 188//281 186//281 184//281
f 188//282 184//282 183//282
f 190//283 15//283 6//283
f 190//284 8//284 189//284
f 190//285 187//285 15//285
f 190//286 189//286 188//286
f 190//287 183//287 187//287
f 190//288 188//288 183//288
f 190//289 6//289 8//289
f 191//290 8//290 5//290
f 192//291 193//291 194//291
f 195//292 191//292 5//292
f 195//293 5//293 4//293
f 196//294 197//294 191//294
f 196//295 191//295 195//295
f 198//296 4//296 20//296
f 198//297 20//297 25//297
f 198//298 195//298 4//298
f 199//299 200//299 197//299
f 199//300 197//300 196//300
f 201//301 196//301 195//301
f 201//302 195//302 198//302
f 202//303 194//303 200//303
f 202//304 192//304 194//304
f 202//305 203//305 192//305
f 202//306 200//306 199//306
f 204//307 198//307 25//307
f 205//308 196//308 201//308
f 205//309 199//309 196//309
f 206//310 25//310 31//310
f 206//311 204//311 25//311
f 207//312 201//312 198//312
f 207//313 198//313 204//313
f 208//314 199//314 205//314
f 208//315 202//315 199//315
f 208//316 203//316 202//316
f 208//317 209//317 203//317
f 210//318 204//318 206//318
f 210//319 207//319 204//319
f 211//320 206//320 31//320
f 212//321 201//321 207//321
f 212//322 205//322 201//322
f 213//323 207//323 210//323
f 213//324 212//324 207//324
f 214//325 210//325 206//325
f 214//326 206//326 211//326
f 215//327 208//327 205//327
f 215//328 209//328 208//328
f 215//329 205//329 212//329
f 215//330 216//330 209//330
f 215//331 212//331 213//331
f 217//332 31//332 32//332
f 217//333 211//333 31//333
f 218//334 215//334 213//334
f 218//335 216//335 215//335
f 219//336 217//336 32//336
f 220//337 210//337 214//337
f 220//338 213//338 210//338
f 221//339 214//339 211//339
f 221//340 220//340 214//340
f 221//341 217//341 219//341
f 221//342 211//342 217//342
f 222//343 221//343 219//343
f 223//344 218//344 213//344
f 223//345 216//345 218//345
f 223//346 213//346 220//346
f 223//347 224//347 216//347
f 225//348 220//348 221//348
f 226//349 32//349 37//349
f 226//350 219//350 32//350
f 227//351 226//351 37//351
f 228//352 221//352 222//352
f 228//353 225//353 221//353
f 229//354 220//354 225//354
f 229//355 223//355 220//355
f 229//356 224//356 223//356
f 229//357 225//357 228//357
f 230//358 222//358 219//358
f 230//359 219//359 226//359
f 231//360 226//360 227//360
f 231//361 230//361 226//361
f 232//362 229//362 228//362
f 232//363 233//363 224//363
f 232//364 224//364 229//364
f 234//365 222//365 230//365
f 234//366 232//366 228//366
f 234//367 228//367 222//367
f 235//368 231//368 227//368
f 235//369 37//369 43//369
f 235//370 227//370 37//370
f 236//371 234//371 230//371
f 236//372 230//372 231//372
f 237//373 233//373 232//373
f 237//374 232//374 234//374
f 238//375 231//375 235//375
f 239//376 233//376 237//376
f 239//377 240//377 233//377
f 239//378 234//378 236//378
f 239//379 237//379 234//379
f 241//380 231//380 238//380
f 241//381 236//381 231//381
f 242//382 43//382 48//382
f 242//383 235//383 43//383
f 243//384 240//384 239//384
f 243//385 239//385 236//385
f 243//386 236//386 241//386
f 244//387 235//387 242//387
f 244//388 238//388 235//388
f 245//389 238//389 244//389
f 245//390 241//390 238//390
f 246//391 48//391 49//391
f 246//392 242//392 48//392
f 247//393 243//393 241//393
f 247//394 248//394 240//394
f 247//395 240//395 243//395
f 247//396 241//396 245//396
f 249//397 245//397 244//397
f 249//398 242//398 246//398
f 249//399 244//399 242//399
f 250//400 49//400 55//400
f 250//401 246//401 49//401
f 251//402 245//402 249//402
f 252//403 246//403 250//403
f 252//404 249//404 246//404
f 253//405 248//405 247//405
f 253//406 245//406 251//406
f 253//407 254//407 248//407
f 253//408 247//408 245//408
f 255//409 55//409 60//409
f 255//410 250//410 55//410
f 256//411 251//411 249//411
f 256//412 249//412 252//412
f 257//413 60//413 65//413
f 257//414 255//414 60//414
f 258//415 252//415 250//415
f 258//416 250//416 255//416
f 258//417 255//417 257//417
f 259//418 251//418 256//418
f 259//419 253//419 251//419
f 259//420 254//420 253//420
f 259//421 260//421 254//421
f 261//422 258//422 257//422
f 262//423 257//423 65//423
f 263//424 256//424 252//424
f 263//425 252//425 258//425
f 264//426 263//426 258//426
f 264//427 258//427 261//427
f 265//428 65//428 66//428
f 265//429 262//429 65//429
f 266//430 261//430 257//430
f 266//431 257//431 262//431
f 266//432 262//432 265//432
f 267//433 259//433 256//433
f 267//434 256//434 263//434
f 267//435 260//435 259//435
f 267//436 263//436 264//436
f 267//437 268//437 260//437
f 269//438 267//438 264//438
f 269//439 268//439 267//439
f 270//440 266//440 265//440
f 271//441 265//441 66//441
f 272//442 264//442 261//442
f 272//443 261//443 266//443
f 273//444 266//444 270//444
f 273//445 272//445 266//445
f 274//446 270//446 265//446
f 274//447 265//447 271//447
f 275//448 269//448 264//448
f 275//449 264//449 272//449
f 275//450 276//450 268//450
f 275//451 268//451 269//451
f 275//452 272//452 273//452
f 277//453 66//453 72//453
f 277//454 271//454 66//454
f 278//455 276//455 275//455
f 278//456 275//456 273//456
f 279//457 277//457 72//457
f 280//458 273//458 270//458
f 280//459 270//459 274//459
f 280//460 278//460 273//460
f 281//461 271//461 277//461
f 281//462 274//462 271//462
f 281//463 277//463 279//463
f 282//464 281//464 279//464
f 283//465 284//465 276//465
f 283//466 276//466 278//466
f 283//467 278//467 280//467
f 285//468 274//468 281//468
f 285//469 281//469 282//469
f 285//470 280//470 274//470
f 286//471 72//471 77//471
f 286//472 279//472 72//472
f 287//473 286//473 77//473
f 288//474 285//474 282//474
f 289//475 284//475 283//475
f 289//476 280//476 285//476
f 289//477 283//477 280//477
f 290//478 282//478 279//478
f 290//479 279//479 286//479
f 291//480 286//480 287//480
f 291//481 290//481 286//481
f 292//482 285//482 288//482
f 292//483 289//483 285//483
f 292//484 284//484 289//484
f 292//485 293//485 284//485
f 294//486 288//486 282//486
f 294//487 282//487 290//487
f 295//488 287//488 77//488
f 295//489 77//489 83//489
f 296//490 294//490 290//490
f 296//491 290//491 291//491
f 297//492 292//492 288//492
f 297//493 288//493 294//493
f 297//494 293//494 292//494
f 298//495 287//495 295//495
f 298//496 291//496 287//496
f 299//497 297//497 294//497
f 299//498 294//498 296//498
f 299//499 293//499 297//499
f 299//500 300//500 293//500
f 301//501 296//501 291//501
f 301//502 291//502 298//502
f 302//503 83//503 84//503
f 302//504 298//504 295//504
f 302//505 295//505 83//505
f 303//506 299//506 296//506
f 303//507 296//507 301//507
f 303//508 300//508 299//508
f 304//509 298//509 302//509
f 305//510 301//510 298//510
f 305//511 298//511 304//511
f 306//512 84//512 89//512
f 306//513 302//513 84//513
f 307//514 301//514 305//514
f 307//515 303//515 301//515
f 307//516 300//516 303//516
f 307//517 308//517 300//517
f 309//518 304//518 302//518
f 309//519 302//519 306//519
f 310//520 89//520 94//520
f 310//521 306//521 89//521
f 310//522 309//522 306//522
f 311//523 305//523 304//523
f 311//524 307//524 305//524
f 311//525 304//525 309//525
f 312//526 311//526 309//526
f 312//527 309//527 310//527
f 313//528 307//528 311//528
f 313//529 308//529 307//529
f 313//530 314//530 308//530
f 315//531 94//531 100//531
f 315//532 310//532 94//532
f 315//533 312//533 310//533
f 316//534 311//534 312//534
f 317//535 100//535 101//535
f 317//536 315//536 100//536
f 318//537 312//537 315//537
f 318//538 315//538 317//538
f 319//539 320//539 314//539
f 319//540 313//540 311//540
f 319//541 314//541 313//541
f 319//542 311//542 316//542
f 321//543 318//543 317//543
f 322//544 317//544 101//544
f 323//545 318//545 321//545
f 323//546 316//546 312//546
f 323//547 312//547 318//547
f 323//548 319//548 316//548
f 324//549 323//549 321//549
f 325//550 101//550 106//550
f 325//551 322//551 101//551
f 326//552 321//552 317//552
f 326//553 322//553 325//553
f 326//554 317//554 322//554
f 327//555 319//555 323//555
f 327//556 328//556 320//556
f 327//557 320//557 319//557
f 327//558 323//558 324//558
f 329//559 327//559 324//559
f 329//560 328//560 327//560
f 330//561 326//561 325//561
f 331//562 325//562 106//562
f 332//563 321//563 326//563
f 332//564 326//564 330//564
f 332//565 324//565 321//565
f 333//566 332//566 330//566
f 334//567 330//567 325//567
f 334//568 325//568 331//568
f 335//569 329//569 324//569
f 335//570 328//570 329//570
f 335//571 324//571 332//571
f 335//572 336//572 328//572
f 337//573 331//573 106//573
f 337//574 106//574 112//574
f 338//575 332//575 333//575
f 338//576 336//576 335//576
f 338//577 335//577 332//577
f 339//578 337//578 112//578
f 340//579 333//579 330//579
f 340//580 330//580 334//580
f 341//581 334//581 331//581
f 341//582 331//582 337//582
f 341//583 337//583 339//583
f 342//584 341//584 339//584
f 343//585 338//585 333//585
f 343//586 336//586 338//586
f 343//587 333//587 340//587
f 343//588 344//588 336//588
f 345//589 340//589 334//589
f 345//590 334//590 341//590
f 345//591 341//591 342//591
f 346//592 112//592 117//592
f 346//593 339//593 112//593
f 347//594 346//594 117//594
f 348//595 345//595 342//595
f 349//596 343//596 340//596
f 349//597 340//597 345//597
f 349//598 344//598 343//598
f 350//599 342//599 339//599
f 350//600 339//600 346//600
f 351//601 350//601 346//601
f 351//602 346//602 347//602
f 352//603 349//603 345//603
f 352//604 345//604 348//604
f 352//605 353//605 344//605
f 352//606 344//606 349//606
f 354//607 348//607 342//607
f 354//608 342//608 350//608
f 355//609 117//609 118//609
f 355//610 347//610 117//610
f 355//611 351//611 347//611
f 356//612 350//612 351//612
f 356//613 354//613 350//613
f 357//614 352//614 348//614
f 357//615 348//615 354//615
f 357//616 353//616 352//616
f 357//617 354//617 356//617
f 358//618 351//618 355//618
f 358//619 356//619 351//619
f 359//620 360//620 353//620
f 359//621 357//621 356//621
f 359//622 353//622 357//622
f 361//623 356//623 358//623
f 362//624 355//624 118//624
f 362//625 118//625 124//625
f 363//626 359//626 356//626
f 363//627 356//627 361//627
f 363//628 360//628 359//628
f 364//629 355//629 362//629
f 364//630 358//630 355//630
f 365//631 361//631 358//631
f 365//632 358//632 364//632
f 366//633 362//633 124//633
f 366//634 364//634 362//634
f 366//635 124//635 129//635
f 367//636 363//636 361//636
f 367//637 360//637 363//637
f 367//638 361//638 365//638
f 367//639 368//639 360//639
f 369//640 364//640 366//640
f 370//641 366//641 129//641
f 370//642 129//642 134//642
f 371//643 365//643 364//643
f 371//644 364//644 369//644
f 371//645 367//645 365//645
f 372//646 366//646 370//646
f 372//647 369//647 366//647
f 372//648 371//648 369//648
f 373//649 368//649 367//649
f 373//650 367//650 371//650
f 373//651 374//651 368//651
f 375//652 372//652 370//652
f 375//653 370//653 134//653
f 375//654 134//654 135//654
f 376//655 373//655 371//655
f 376//656 371//656 372//656
f 377//657 135//657 141//657
f 377//658 375//658 135//658
f 378//659 372//659 375//659
f 379//660 373//660 376//660
f 379//661 374//661 373//661
f 379//662 380//662 374//662
f 381//663 378//663 375//663
f 381//664 375//664 377//664
f 382//665 377//665 141//665
f 383//666 372//666 378//666
f 383//667 376//667 372//667
f 384//668 378//668 381//668
f 384//669 383//669 378//669
f 385//670 141//670 146//670
f 385//671 382//671 141//671
f 386//672 381//672 377//672
f 386//673 377//673 382//673
f 387//674 379//674 376//674
f 387//675 376//675 383//675
f 387//676 380//676 379//676
f 387//677 383//677 384//677
f 387//678 388//678 380//678
f 389//679 387//679 384//679
f 389//680 388//680 387//680
f 390//681 386//681 382//681
f 390//682 382//682 385//682
f 391//683 385//683 146//683
f 391//684 390//684 385//684
f 392//685 384//685 381//685
f 392//686 381//686 386//686
f 393//687 386//687 390//687
f 393//688 392//688 386//688
f 394//689 390//689 391//689
f 395//690 389//690 384//690
f 395//691 384//691 392//691
f 395//692 388//692 389//692
f 395//693 396//693 388//693
f 397//694 146//694 152//694
f 397//695 391//695 146//695
f 398//696 395//696 392//696
f 398//697 392//697 393//697
f 398//698 396//698 395//698
f 399//699 397//699 152//699
f 400//700 398//700 393//700
f 400//701 393//701 390//701
f 400//702 390//702 394//702
f 401//703 397//703 399//703
f 401//704 394//704 391//704
f 401//705 391//705 397//705
f 402//706 401//706 399//706
f 403//707 396//707 398//707
f 403//708 404//708 396//708
f 403//709 398//709 400//709
f 405//710 400//710 394//710
f 405//711 394//711 401//711
f 406//712 399//712 152//712
f 406//713 152//713 153//713
f 407//714 406//714 153//714
f 408//715 401//715 402//715
f 408//716 405//716 401//716
f 409//717 400//717 405//717
f 409//718 404//718 403//718
f 409//719 403//719 400//719
f 409//720 405//720 408//720
f 410//721 399//721 406//721
f 410//722 402//722 399//722
f 411//723 410//723 406//723
f 411//724 406//724 407//724
f 412//725 404//725 409//725
f 412//726 409//726 408//726
f 412//727 413//727 404//727
f 414//728 408//728 402//728
f 414//729 402//729 410//729
f 415//730 407//730 153//730
f 415//731 153//731 158//731
f 416//732 410//732 411//732
f 416//733 414//733 410//733
f 417//734 412//734 408//734
f 417//735 408//735 414//735
f 417//736 413//736 412//736
f 418//737 407//737 415//737
f 418//738 411//738 407//738
f 418//739 416//739 411//739
f 419//740 414//740 416//740
f 419//741 417//741 414//741
f 419//742 413//742 417//742
f 419//743 420//743 413//743
f 421//744 419//744 416//744
f 421//745 416//745 418//745
f 422//746 418//746 415//746
f 422//747 158//747 164//747
f 422//748 415//748 158//748
f 423//749 419//749 421//749
f 423//750 420//750 419//750
f 424//751 418//751 422//751
f 425//752 421//752 418//752
f 425//753 418//753 424//753
f 425//754 423//754 421//754
f 426//755 422//755 164//755
f 426//756 164//756 169//756
f 427//757 420//757 423//757
f 427//758 423//758 425//758
f 427//759 428//759 420//759
f 429//760 424//760 422//760
f 429//761 422//761 426//761
f 430//762 426//762 169//762
f 430//763 169//763 170//763
f 431//764 425//764 424//764
f 431//765 424//765 429//765
f 432//766 429//766 426//766
f 432//767 426//767 430//767
f 432//768 431//768 429//768
f 433//769 427//769 425//769
f 433//770 428//770 427//770
f 433//771 425//771 431//771
f 433//772 434//772 428//772
f 435//773 170//773 175//773
f 435//774 430//774 170//774
f 436//775 433//775 431//775
f 436//776 431//776 432//776
f 437//777 175//777 181//777
f 437//778 435//778 175//778
f 438//779 430//779 435//779
f 438//780 432//780 430//780
f 439//781 440//781 434//781
f 439//782 434//782 433//782
f 439//783 433//783 436//783
f 441//784 435//784 437//784
f 441//785 438//785 435//785
f 442//786 437//786 181//786
f 443//787 432//787 438//787
f 443//788 436//788 432//788
f 444//789 443//789 438//789
f 444//790 438//790 441//790
f 445//791 442//791 181//791
f 445//792 181//792 185//792
f 446//793 441//793 437//793
f 446//794 437//794 442//794
f 446//795 442//795 445//795
f 447//796 440//796 439//796
f 447//797 436//797 443//797
f 447//798 448//798 440//798
f 447//799 439//799 436//799
f 449//800 443//800 444//800
f 449//801 448//801 447//801
f 449//802 447//802 443//802
f 450//803 446//803 445//803
f 451//804 445//804 185//804
f 452//805 444//805 441//805
f 452//806 441//806 446//806
f 453//807 446//807 450//807
f 453//808 452//808 446//808
f 454//809 445//809 451//809
f 454//810 450//810 445//810
f 455//811 449//811 444//811
f 455//812 444//812 452//812
f 455//813 448//813 449//813
f 455//814 452//814 453//814
f 455//815 456//815 448//815
f 457//816 451//816 185//816
f 457//817 185//817 186//817
f 457//818 454//818 451//818
f 458//819 455//819 453//819
f 458//820 456//820 455//820
f 459//821 457//821 186//821
f 460//822 453//822 450//822
f 460//823 450//823 454//823
f 461//824 454//824 457//824
f 462//825 457//825 459//825
f 462//826 461//826 457//826
f 463//827 458//827 453//827
f 463//828 453//828 460//828
f 463//829 456//829 458//829
f 463//830 464//830 456//830
f 465//831 460//831 454//831
f 465//832 463//832 460//832
f 465//833 454//833 461//833
f 466//834 186//834 189//834
f 466//835 459//835 186//835
f 467//836 465//836 461//836
f 467//837 461//837 462//837
f 468//838 463//838 465//838
f 468//839 464//839 463//839
f 469//840 462//840 459//840
f 469//841 459//841 466//841
f 469//842 467//842 462//842
f 470//843 465//843 467//843
f 470//844 468//844 465//844
f 470//845 464//845 468//845
f 470//846 471//846 464//846
f 472//847 470//847 467//847
f 472//848 467//848 469//848
f 473//849 8//849 191//849
f 473//850 189//850 8//850
f 473//851 466//851 189//851
f 474//852 471//852 470//852
f 474//853 470//853 472//853
f 474//854 193//854 471//854
f 475//855 191//855 197//855
f 475//856 469//856 466//856
f 475//857 466//857 473//857
f 475//858 473//858 191//858
f 476//859 197//859 200//859
f 476//860 469//860 475//860
f 476//861 472//861 469//861
f 476//862 475//862 197//862
f 477//863 472//863 476//863
f 477//864 200//864 194//864
f 477//865 194//865 193//865
f 477//866 474//866 472//866
f 477//867 193//867 474//867
f 477//868 476//868 200//868
f 114//869 109//869 120//869
f 120//870 126//870 121//870
f 109//871 126//871 120//871
f 108//872 103//872 109//872
f 109//873 103//873 126//873
f 96//874 91//874 97//874
f 97//875 91//875 103//875
f 137//876 143//876 138//876
f 126//877 149//877 131//877
f 131//878 149//878 137//878
f 143//879 149//879 148//879
f 137//880 149//880 143//880
f 80//881 79//881 86//881
f 86//882 79//882 91//882
f 91//883 79//883 103//883
f 79//884 74//884 103//884
f 149//885 160//885 155//885
f 69//886 68//886 74//886
f 160//887 166//887 161//887
f 149//888 166//888 160//888
f 166//889 177//889 172//889
f 57//890 52//890 62//890
f 62//891 52//891 68//891
f 103//892 52//892 126//892
f 74//893 52//893 103//893
f 68//894 52//894 74//894
f 149//895 178//895 166//895
f 166//896 178//896 177//896
f 51//897 45//897 52//897
f 149//898 40//898 178//898
f 52//899 40//899 126//899
f 45//900 40//900 52//900
f 126//901 40//901 149//901
f 7//902 3//902 2//902
f 40//903 39//903 178//903
f 178//904 39//904 7//904
f 10//905 13//905 12//905
f 28//906 27//906 34//906
f 34//907 27//907 39//907
f 3//908 22//908 10//908
f 13//909 22//909 17//909
f 39//910 22//910 7//910
f 7//911 22//911 3//911
f 10//912 22//912 13//912
f 27//913 22//913 39//913
f 368//914 374//914 380//914
f 388//915 368//915 380//915
f 404//916 388//916 396//916
f 328//917 336//917 344//917
f 428//918 413//918 420//918
f 314//919 320//919 328//919
f 314//920 344//920 353//920
f 314//921 353//921 360//921
f 314//922 328//922 344//922
f 308//923 314//923 360//923
f 448//924 434//924 440//924
f 293//925 300//925 308//925
f 293//926 360//926 368//926
f 293//927 404//927 413//927
f 293//928 428//928 434//928
f 293//929 368//929 388//929
f 293//930 388//930 404//930
f 293//931 413//931 428//931
f 293//932 308//932 360//932
f 464//933 448//933 456//933
f 276//934 284//934 293//934
f 276//935 293//935 434//935
f 193//936 464//936 471//936
f 193//937 448//937 464//937
f 192//938 434//938 448//938
f 192//939 448//939 193//939
f 260//940 268//940 276//940
f 248//941 260//941 276//941
f 248//942 254//942 260//942
f 248//943 276//943 434//943
f 233//944 192//944 203//944
f 233//945 434//945 192//945
f 233//946 203//946 209//946
f 233//947 209//947 216//947
f 233//948 216//948 224//948
f 233//949 240//949 248//949
f 233//950 248//950 434//950
g MeshExport001
g MeshExport002
g MeshExport003
g MeshExport004
g MeshExport005
g MeshExport006
g MeshExport007
g MeshExport008
f 478//951 479//951 480//951
f 481//952 482//952 483//952
f 478//953 484//953 479//953
f 482//954 485//954 483//954
f 486//955 478//955 480//955
f 486//956 480//956 487//956
f 488//957 486//957 487//957
f 488//958 487//958 489//958
f 488//959 489//959 490//959
f 491//960 478//960 486//960
f 491//961 492//961 478//961
f 491//962 483//962 492//962
f 493//963 488//963 490//963
f 493//964 490//964 494//964
f 495//965 491//965 486//965
f 495//966 488//966 493//966
f 495//967 486//967 488//967
f 496//968 491//968 495//968
f 496//969 497//969 481//969
f 496//970 481//970 483//970
f 496//971 483//971 491//971
f 498//972 494//972 499//972
f 498//973 493//973 494//973
f 500//974 495//974 493//974
f 500//975 493//975 498//975
f 501//976 502//976 497//976
f 501//977 496//977 495//977
f 501//978 497//978 496//978
f 503//979 499//979 504//979
f 503//980 504//980 505//980
f 503//981 498//981 499//981
f 506//982 500//982 498//982
f 507//983 508//983 502//983
f 507//984 509//984 508//984
f 507//985 502//985 501//985
f 507//986 501//986 495//986
f 507//987 495//987 500//987
f 510//988 505//988 511//988
f 510//989 503//989 505//989
f 512//990 506//990 498//990
f 512//991 498//991 503//991
f 513//992 514//992 509//992
f 513//993 509//993 507//993
f 513//994 500//994 506//994
f 513//995 506//995 512//995
f 513//996 507//996 500//996
f 515//997 511//997 516//997
f 515//998 516//998 517//998
f 515//999 510//999 511//999
f 518//1000 503//1000 510//1000
f 518//1001 512//1001 503//1001
f 519//1002 520//1002 514//1002
f 519//1003 514//1003 513//1003
f 519//1004 513//1004 512//1004
f 521//1005 515//1005 517//1005
f 521//1006 517//1006 522//1006
f 523//1007 515//1007 521//1007
f 523//1008 510//1008 515//1008
f 523//1009 518//1009 510//1009
f 524//1010 525//1010 520//1010
f 524//1011 526//1011 525//1011
f 524//1012 519//1012 512//1012
f 524//1013 520//1013 519//1013
f 524//1014 512//1014 518//1014
f 524//1015 518//1015 523//1015
f 527//1016 522//1016 528//1016
f 527//1017 528//1017 529//1017
f 527//1018 521//1018 522//1018
f 530//1019 523//1019 521//1019
f 531//1020 532//1020 526//1020
f 531//1021 526//1021 524//1021
f 531//1022 524//1022 523//1022
f 533//1023 529//1023 534//1023
f 533//1024 527//1024 529//1024
f 535//1025 530//1025 521//1025
f 535//1026 521//1026 527//1026
f 536//1027 537//1027 532//1027
f 536//1028 532//1028 531//1028
f 536//1029 531//1029 523//1029
f 536//1030 523//1030 530//1030
f 538//1031 533//1031 534//1031
f 538//1032 534//1032 539//1032
f 540//1033 535//1033 527//1033
f 540//1034 527//1034 533//1034
f 540//1035 533//1035 538//1035
f 541//1036 530//1036 535//1036
f 541//1037 542//1037 537//1037
f 541//1038 543//1038 542//1038
f 541//1039 537//1039 536//1039
f 541//1040 536//1040 530//1040
f 544//1041 539//1041 545//1041
f 544//1042 545//1042 546//1042
f 544//1043 538//1043 539//1043
f 547//1044 540//1044 538//1044
f 548//1045 549//1045 543//1045
f 548//1046 541//1046 535//1046
f 548//1047 535//1047 540//1047
f 548//1048 543//1048 541//1048
f 550//1049 544//1049 546//1049
f 550//1050 546//1050 551//1050
f 552//1051 538//1051 544//1051
f 552//1052 547//1052 538//1052
f 553//1053 540//1053 547//1053
f 553//1054 554//1054 549//1054
f 553//1055 549//1055 548//1055
f 553//1056 548//1056 540//1056
f 555//1057 550//1057 551//1057
f 555//1058 551//1058 556//1058
f 555//1059 556//1059 557//1059
f 558//1060 552//1060 544//1060
f 558//1061 544//1061 550//1061
f 559//1062 553//1062 547//1062
f 559//1063 552//1063 558//1063
f 559//1064 560//1064 554//1064
f 559//1065 561//1065 560//1065
f 559//1066 547//1066 552//1066
f 559//1067 554//1067 553//1067
f 562//1068 555//1068 557//1068
f 562//1069 557//1069 563//1069
f 564//1070 550//1070 555//1070
f 564//1071 558//1071 550//1071
f 565//1072 561//1072 559//1072
f 565//1073 566//1073 561//1073
f 565//1074 559//1074 558//1074
f 567//1075 562//1075 563//1075
f 567//1076 563//1076 568//1076
f 569//1077 564//1077 555//1077
f 569//1078 562//1078 567//1078
f 569//1079 555//1079 562//1079
f 570//1080 565//1080 558//1080
f 570//1081 558//1081 564//1081
f 570//1082 566//1082 565//1082
f 570//1083 571//1083 566//1083
f 572//1084 567//1084 568//1084
f 572//1085 568//1085 573//1085
f 572//1086 573//1086 574//1086
f 575//1087 569//1087 567//1087
f 576//1088 564//1088 569//1088
f 576//1089 570//1089 564//1089
f 576//1090 569//1090 575//1090
f 576//1091 577//1091 571//1091
f 576//1092 578//1092 577//1092
f 576//1093 571//1093 570//1093
f 579//1094 572//1094 574//1094
f 579//1095 574//1095 580//1095
f 581//1096 575//1096 567//1096
f 581//1097 567//1097 572//1097
f 582//1098 583//1098 578//1098
f 582//1099 576//1099 575//1099
f 582//1100 578//1100 576//1100
f 584//1101 579//1101 580//1101
f 584//1102 580//1102 585//1102
f 584//1103 585//1103 586//1103
f 587//1104 581//1104 572//1104
f 587//1105 572//1105 579//1105
f 588//1106 583//1106 582//1106
f 588//1107 589//1107 583//1107
f 588//1108 582//1108 575//1108
f 588//1109 575//1109 581//1109
f 590//1110 584//1110 586//1110
f 590//1111 586//1111 591//1111
f 592//1112 587//1112 579//1112
f 592//1113 579//1113 584//1113
f 593//1114 587//1114 592//1114
f 593//1115 594//1115 589//1115
f 593//1116 595//1116 594//1116
f 593//1117 589//1117 588//1117
f 593//1118 581//1118 587//1118
f 593//1119 588//1119 581//1119
f 596//1120 590//1120 591//1120
f 596//1121 591//1121 597//1121
f 596//1122 597//1122 598//1122
f 599//1123 584//1123 590//1123
f 599//1124 592//1124 584//1124
f 600//1125 601//1125 595//1125
f 600//1126 595//1126 593//1126
f 600//1127 593//1127 592//1127
f 602//1128 596//1128 598//1128
f 602//1129 598//1129 603//1129
f 604//1130 599//1130 590//1130
f 604//1131 590//1131 596//1131
f 605//1132 606//1132 601//1132
f 605//1133 592//1133 599//1133
f 605//1134 601//1134 600//1134
f 605//1135 600//1135 592//1135
f 605//1136 599//1136 604//1136
f 607//1137 602//1137 603//1137
f 607//1138 603//1138 608//1138
f 609//1139 604//1139 596//1139
f 609//1140 596//1140 602//1140
f 610//1141 611//1141 606//1141
f 610//1142 612//1142 611//1142
f 610//1143 604//1143 609//1143
f 610//1144 605//1144 604//1144
f 610//1145 606//1145 605//1145
f 613//1146 607//1146 608//1146
f 613//1147 608//1147 614//1147
f 613//1148 614//1148 615//1148
f 616//1149 607//1149 613//1149
f 616//1150 602//1150 607//1150
f 616//1151 609//1151 602//1151
f 617//1152 618//1152 612//1152
f 617//1153 612//1153 610//1153
f 617//1154 610//1154 609//1154
f 619//1155 615//1155 620//1155
f 619//1156 613//1156 615//1156
f 621//1157 616//1157 613//1157
f 622//1158 623//1158 618//1158
f 622//1159 618//1159 617//1159
f 622//1160 609//1160 616//1160
f 622//1161 617//1161 609//1161
f 624//1162 619//1162 620//1162
f 624//1163 620//1163 625//1163
f 624//1164 625//1164 626//1164
f 627//1165 613//1165 619//1165
f 627//1166 621//1166 613//1166
f 628//1167 616//1167 621//1167
f 628//1168 629//1168 623//1168
f 628//1169 630//1169 629//1169
f 628//1170 622//1170 616//1170
f 628//1171 623//1171 622//1171
f 631//1172 624//1172 626//1172
f 631//1173 626//1173 632//1173
f 633//1174 627//1174 619//1174
f 633//1175 619//1175 624//1175
f 634//1176 621//1176 627//1176
f 634//1177 630//1177 628//1177
f 634//1178 628//1178 621//1178
f 634//1179 635//1179 630//1179
f 636//1180 631//1180 632//1180
f 636//1181 632//1181 637//1181
f 636//1182 637//1182 638//1182
f 639//1183 633//1183 624//1183
f 639//1184 624//1184 631//1184
f 640//1185 633//1185 639//1185
f 640//1186 635//1186 634//1186
f 640//1187 641//1187 635//1187
f 640//1188 627//1188 633//1188
f 640//1189 634//1189 627//1189
f 642//1190 636//1190 638//1190
f 642//1191 638//1191 643//1191
f 644//1192 631//1192 636//1192
f 644//1193 639//1193 631//1193
f 645//1194 640//1194 639//1194
f 645//1195 641//1195 640//1195
f 645//1196 646//1196 641//1196
f 645//1197 647//1197 646//1197
f 648//1198 642//1198 643//1198
f 648//1199 643//1199 649//1199
f 650//1200 636//1200 642//1200
f 650//1201 644//1201 636//1201
f 651//1202 639//1202 644//1202
f 651//1203 645//1203 639//1203
f 651//1204 644//1204 650//1204
f 651//1205 652//1205 647//1205
f 651//1206 647//1206 645//1206
f 653//1207 648//1207 649//1207
f 653//1208 649//1208 654//1208
f 653//1209 654//1209 655//1209
f 656//1210 650//1210 642//1210
f 656//1211 642//1211 648//1211
f 657//1212 651//1212 650//1212
f 657//1213 658//1213 652//1213
f 657//1214 652//1214 651//1214
f 659//1215 478//1215 492//1215
f 659//1216 653//1216 655//1216
f 659//1217 484//1217 478//1217
f 659//1218 655//1218 484//1218
f 660//1219 648//1219 653//1219
f 660//1220 656//1220 648//1220
f 661//1221 650//1221 656//1221
f 661//1222 662//1222 658//1222
f 661//1223 663//1223 662//1223
f 661//1224 658//1224 657//1224
f 661//1225 656//1225 660//1225
f 661//1226 657//1226 650//1226
f 664//1227 659//1227 492//1227
f 664//1228 660//1228 653//1228
f 664//1229 653//1229 659//1229
f 665//1230 666//1230 663//1230
f 665//1231 663//1231 661//1231
f 665//1232 661//1232 660//1232
f 667//1233 492//1233 483//1233
f 667//1234 485//1234 666//1234
f 667//1235 664//1235 492//1235
f 667//1236 666//1236 665//1236
f 667//1237 660//1237 664//1237
f 667//1238 665//1238 660//1238
f 667//1239 483//1239 485//1239
f 668//1240 485//1240 482//1240
f 669//1241 670//1241 671//1241
f 672//1242 668//1242 482//1242
f 672//1243 482//1243 481//1243
f 673//1244 674//1244 668//1244
f 673//1245 668//1245 672//1245
f 675//1246 481//1246 497//1246
f 675//1247 497//1247 502//1247
f 675//1248 672//1248 481//1248
f 676//1249 677//1249 674//1249
f 676//1250 674//1250 673//1250
f 678//1251 673//1251 672//1251
f 678//1252 672//1252 675//1252
f 679//1253 671//1253 677//1253
f 679//1254 669//1254 671//1254
f 679//1255 680//1255 669//1255
f 679//1256 677//1256 676//1256
f 681//1257 675//1257 502//1257
f 682//1258 673//1258 678//1258
f 682//1259 676//1259 673//1259
f 683//1260 502//1260 508//1260
f 683//1261 681//1261 502//1261
f 684//1262 678//1262 675//1262
f 684//1263 675//1263 681//1263
f 685//1264 676//1264 682//1264
f 685//1265 679//1265 676//1265
f 685//1266 680//1266 679//1266
f 685//1267 686//1267 680//1267
f 687//1268 681//1268 683//1268
f 687//1269 684//1269 681//1269
f 688//1270 683//1270 508//1270
f 689//1271 678//1271 684//1271
f 689//1272 682//1272 678//1272
f 690//1273 684//1273 687//1273
f 690//1274 689//1274 684//1274
f 691//1275 687//1275 683//1275
f 691//1276 683//1276 688//1276
f 692//1277 685//1277 682//1277
f 692//1278 686//1278 685//1278
f 692//1279 682//1279 689//1279
f 692//1280 693//1280 686//1280
f 692//1281 689//1281 690//1281
f 694//1282 508//1282 509//1282
f 694//1283 688//1283 508//1283
f 695//1284 692//1284 690//1284
f 695//1285 693//1285 692//1285
f 696//1286 694//1286 509//1286
f 697//1287 687//1287 691//1287
f 697//1288 690//1288 687//1288
f 698//1289 691//1289 688//1289
f 698//1290 697//1290 691//1290
f 698//1291 694//1291 696//1291
f 698//1292 688//1292 694//1292
f 699//1293 698//1293 696//1293
f 700//1294 695//1294 690//1294
f 700//1295 693//1295 695//1295
f 700//1296 690//1296 697//1296
f 700//1297 701//1297 693//1297
f 702//1298 697//1298 698//1298
f 703//1299 509//1299 514//1299
f 703//1300 696//1300 509//1300
f 704//1301 703//1301 514//1301
f 705//1302 698//1302 699//1302
f 705//1303 702//1303 698//1303
f 706//1304 697//1304 702//1304
f 706//1305 700//1305 697//1305
f 706//1306 701//1306 700//1306
f 706//1307 702//1307 705//1307
f 707//1308 699//1308 696//1308
f 707//1309 696//1309 703//1309
f 708//1310 703//1310 704//1310
f 708//1311 707//1311 703//1311
f 709//1312 706//1312 705//1312
f 709//1313 710//1313 701//1313
f 709//1314 701//1314 706//1314
f 711//1315 699//1315 707//1315
f 711//1316 709//1316 705//1316
f 711//1317 705//1317 699//1317
f 712//1318 708//1318 704//1318
f 712//1319 514//1319 520//1319
f 712//1320 704//1320 514//1320
f 713//1321 711//1321 707//1321
f 713//1322 707//1322 708//1322
f 714//1323 710//1323 709//1323
f 714//1324 709//1324 711//1324
f 715//1325 708//1325 712//1325
f 716//1326 710//1326 714//1326
f 716//1327 717//1327 710//1327
f 716//1328 711//1328 713//1328
f 716//1329 714//1329 711//1329
f 718//1330 708//1330 715//1330
f 718//1331 713//1331 708//1331
f 719//1332 520//1332 525//1332
f 719//1333 712//1333 520//1333
f 720//1334 717//1334 716//1334
f 720//1335 716//1335 713//1335
f 720//1336 713//1336 718//1336
f 721//1337 712//1337 719//1337
f 721//1338 715//1338 712//1338
f 722//1339 715//1339 721//1339
f 722//1340 718//1340 715//1340
f 723//1341 525//1341 526//1341
f 723//1342 719//1342 525//1342
f 724//1343 720//1343 718//1343
f 724//1344 725//1344 717//1344
f 724//1345 717//1345 720//1345
f 724//1346 718//1346 722//1346
f 726//1347 722//1347 721//1347
f 726//1348 719//1348 723//1348
f 726//1349 721//1349 719//1349
f 727//1350 526//1350 532//1350
f 727//1351 723//1351 526//1351
f 728//1352 722//1352 726//1352
f 729//1353 723//1353 727//1353
f 729//1354 726//1354 723//1354
f 730//1355 725//1355 724//1355
f 730//1356 722//1356 728//1356
f 730//1357 731//1357 725//1357
f 730//1358 724//1358 722//1358
f 732//1359 532//1359 537//1359
f 732//1360 727//1360 532//1360
f 733//1361 728//1361 726//1361
f 733//1362 726//1362 729//1362
f 734//1363 537//1363 542//1363
f 734//1364 732//1364 537//1364
f 735//1365 729//1365 727//1365
f 735//1366 727//1366 732//1366
f 735//1367 732//1367 734//1367
f 736//1368 728//1368 733//1368
f 736//1369 730//1369 728//1369
f 736//1370 731//1370 730//1370
f 736//1371 737//1371 731//1371
f 738//1372 735//1372 734//1372
f 739//1373 734//1373 542//1373
f 740//1374 733//1374 729//1374
f 740//1375 729//1375 735//1375
f 741//1376 740//1376 735//1376
f 741//1377 735//1377 738//1377
f 742//1378 542//1378 543//1378
f 742//1379 739//1379 542//1379
f 743//1380 738//1380 734//1380
f 743//1381 734//1381 739//1381
f 743//1382 739//1382 742//1382
f 744//1383 736//1383 733//1383
f 744//1384 733//1384 740//1384
f 744//1385 737//1385 736//1385
f 744//1386 740//1386 741//1386
f 744//1387 745//1387 737//1387
f 746//1388 744//1388 741//1388
f 746//1389 745//1389 744//1389
f 747//1390 743//1390 742//1390
f 748//1391 742//1391 543//1391
f 749//1392 741//1392 738//1392
f 749//1393 738//1393 743//1393
f 750//1394 743//1394 747//1394
f 750//1395 749//1395 743//1395
f 751//1396 747//1396 742//1396
f 751//1397 742//1397 748//1397
f 752//1398 746//1398 741//1398
f 752//1399 741//1399 749//1399
f 752//1400 753//1400 745//1400
f 752//1401 745//1401 746//1401
f 752//1402 749//1402 750//1402
f 754//1403 543//1403 549//1403
f 754//1404 748//1404 543//1404
f 755//1405 753//1405 752//1405
f 755//1406 752//1406 750//1406
f 756//1407 754//1407 549//1407
f 757//1408 750//1408 747//1408
f 757//1409 747//1409 751//1409
f 757//1410 755//1410 750//1410
f 758//1411 748//1411 754//1411
f 758//1412 751//1412 748//1412
f 758//1413 754//1413 756//1413
f 759//1414 758//1414 756//1414
f 760//1415 761//1415 753//1415
f 760//1416 753//1416 755//1416
f 760//1417 755//1417 757//1417
f 762//1418 751//1418 758//1418
f 762//1419 758//1419 759//1419
f 762//1420 757//1420 751//1420
f 763//1421 549//1421 554//1421
f 763//1422 756//1422 549//1422
f 764//1423 763//1423 554//1423
f 765//1424 762//1424 759//1424
f 766//1425 761//1425 760//1425
f 766//1426 757//1426 762//1426
f 766//1427 760//1427 757//1427
f 767//1428 759//1428 756//1428
f 767//1429 756//1429 763//1429
f 768//1430 763//1430 764//1430
f 768//1431 767//1431 763//1431
f 769//1432 762//1432 765//1432
f 769//1433 766//1433 762//1433
f 769//1434 761//1434 766//1434
f 769//1435 770//1435 761//1435
f 771//1436 765//1436 759//1436
f 771//1437 759//1437 767//1437
f 772//1438 764//1438 554//1438
f 772//1439 554//1439 560//1439
f 773//1440 771//1440 767//1440
f 773//1441 767//1441 768//1441
f 774//1442 769//1442 765//1442
f 774//1443 765//1443 771//1443
f 774//1444 770//1444 769//1444
f 775//1445 764//1445 772//1445
f 775//1446 768//1446 764//1446
f 776//1447 774//1447 771//1447
f 776//1448 771//1448 773//1448
f 776//1449 770//1449 774//1449
f 776//1450 777//1450 770//1450
f 778//1451 773//1451 768//1451
f 778//1452 768//1452 775//1452
f 779//1453 560//1453 561//1453
f 779//1454 775//1454 772//1454
f 779//1455 772//1455 560//1455
f 780//1456 776//1456 773//1456
f 780//1457 773//1457 778//1457
f 780//1458 777//1458 776//1458
f 781//1459 775//1459 779//1459
f 782//1460 778//1460 775//1460
f 782//1461 775//1461 781//1461
f 783//1462 561//1462 566//1462
f 783//1463 779//1463 561//1463
f 784//1464 778//1464 782//1464
f 784//1465 780//1465 778//1465
f 784//1466 777//1466 780//1466
f 784//1467 785//1467 777//1467
f 786//1468 781//1468 779//1468
f 786//1469 779//1469 783//1469
f 787//1470 566//1470 571//1470
f 787//1471 783//1471 566//1471
f 787//1472 786//1472 783//1472
f 788//1473 782//1473 781//1473
f 788//1474 784//1474 782//1474
f 788//1475 781//1475 786//1475
f 789//1476 788//1476 786//1476
f 789//1477 786//1477 787//1477
f 790//1478 784//1478 788//1478
f 790//1479 785//1479 784//1479
f 790//1480 791//1480 785//1480
f 792//1481 571//1481 577//1481
f 792//1482 787//1482 571//1482
f 792//1483 789//1483 787//1483
f 793//1484 788//1484 789//1484
f 794//1485 577//1485 578//1485
f 794//1486 792//1486 577//1486
f 795//1487 789//1487 792//1487
f 795//1488 792//1488 794//1488
f 796//1489 797//1489 791//1489
f 796//1490 790//1490 788//1490
f 796//1491 791//1491 790//1491
f 796//1492 788//1492 793//1492
f 798//1493 795//1493 794//1493
f 799//1494 794//1494 578//1494
f 800//1495 795//1495 798//1495
f 800//1496 793//1496 789//1496
f 800//1497 789//1497 795//1497
f 800//1498 796//1498 793//1498
f 801//1499 800//1499 798//1499
f 802//1500 578//1500 583//1500
f 802//1501 799//1501 578//1501
f 803//1502 798//1502 794//1502
f 803//1503 799//1503 802//1503
f 803//1504 794//1504 799//1504
f 804//1505 796//1505 800//1505
f 804//1506 805//1506 797//1506
f 804//1507 797//1507 796//1507
f 804//1508 800//1508 801//1508
f 806//1509 804//1509 801//1509
f 806//1510 805//1510 804//1510
f 807//1511 803//1511 802//1511
f 808//1512 802//1512 583//1512
f 809//1513 798//1513 803//1513
f 809//1514 803//1514 807//1514
f 809//1515 801//1515 798//1515
f 810//1516 809//1516 807//1516
f 811//1517 807//1517 802//1517
f 811//1518 802//1518 808//1518
f 812//1519 806//1519 801//1519
f 812//1520 805//1520 806//1520
f 812//1521 801//1521 809//1521
f 812//1522 813//1522 805//1522
f 814//1523 808//1523 583//1523
f 814//1524 583//1524 589//1524
f 815//1525 809//1525 810//1525
f 815//1526 813//1526 812//1526
f 815//1527 812//1527 809//1527
f 816//1528 814//1528 589//1528
f 817//1529 810//1529 807//1529
f 817//1530 807//1530 811//1530
f 818//1531 811//1531 808//1531
f 818//1532 808//1532 814//1532
f 818//1533 814//1533 816//1533
f 819//1534 818//1534 816//1534
f 820//1535 815//1535 810//1535
f 820//1536 813//1536 815//1536
f 820//1537 810//1537 817//1537
f 820//1538 821//1538 813//1538
f 822//1539 817//1539 811//1539
f 822//1540 811//1540 818//1540
f 822//1541 818//1541 819//1541
f 823//1542 589//1542 594//1542
f 823//1543 816//1543 589//1543
f 824//1544 823//1544 594//1544
f 825//1545 822//1545 819//1545
f 826//1546 820//1546 817//1546
f 826//1547 817//1547 822//1547
f 826//1548 821//1548 820//1548
f 827//1549 819//1549 816//1549
f 827//1550 816//1550 823//1550
f 828//1551 827//1551 823//1551
f 828//1552 823//1552 824//1552
f 829//1553 826//1553 822//1553
f 829//1554 822//1554 825//1554
f 829//1555 830//1555 821//1555
f 829//1556 821//1556 826//1556
f 831//1557 825//1557 819//1557
f 831//1558 819//1558 827//1558
f 832//1559 594//1559 595//1559
f 832//1560 824//1560 594//1560
f 832//1561 828//1561 824//1561
f 833//1562 827//1562 828//1562
f 833//1563 831//1563 827//1563
f 834//1564 829//1564 825//1564
f 834//1565 825//1565 831//1565
f 834//1566 830//1566 829//1566
f 834//1567 831//1567 833//1567
f 835//1568 828//1568 832//1568
f 835//1569 833//1569 828//1569
f 836//1570 837//1570 830//1570
f 836//1571 834//1571 833//1571
f 836//1572 830//1572 834//1572
f 838//1573 833//1573 835//1573
f 839//1574 832//1574 595//1574
f 839//1575 595//1575 601//1575
f 840//1576 836//1576 833//1576
f 840//1577 833//1577 838//1577
f 840//1578 837//1578 836//1578
f 841//1579 832//1579 839//1579
f 841//1580 835//1580 832//1580
f 842//1581 838//1581 835//1581
f 842//1582 835//1582 841//1582
f 843//1583 839//1583 601//1583
f 843//1584 841//1584 839//1584
f 843//1585 601//1585 606//1585
f 844//1586 840//1586 838//1586
f 844//1587 837//1587 840//1587
f 844//1588 838//1588 842//1588
f 844//1589 845//1589 837//1589
f 846//1590 841//1590 843//1590
f 847//1591 843//1591 606//1591
f 847//1592 606//1592 611//1592
f 848//1593 842//1593 841//1593
f 848//1594 841//1594 846//1594
f 848//1595 844//1595 842//1595
f 849//1596 843//1596 847//1596
f 849//1597 846//1597 843//1597
f 849//1598 848//1598 846//1598
f 850//1599 845//1599 844//1599
f 850//1600 844//1600 848//1600
f 850//1601 851//1601 845//1601
f 852//1602 849//1602 847//1602
f 852//1603 847//1603 611//1603
f 852//1604 611//1604 612//1604
f 853//1605 850//1605 848//1605
f 853//1606 848//1606 849//1606
f 854//1607 612//1607 618//1607
f 854//1608 852//1608 612//1608
f 855//1609 849//1609 852//1609
f 856//1610 850//1610 853//1610
f 856//1611 851//1611 850//1611
f 856//1612 857//1612 851//1612
f 858//1613 855//1613 852//1613
f 858//1614 852//1614 854//1614
f 859//1615 854//1615 618//1615
f 860//1616 849//1616 855//1616
f 860//1617 853//1617 849//1617
f 861//1618 855//1618 858//1618
f 861//1619 860//1619 855//1619
f 862//1620 618//1620 623//1620
f 862//1621 859//1621 618//1621
f 863//1622 858//1622 854//1622
f 863//1623 854//1623 859//1623
f 864//1624 856//1624 853//1624
f 864//1625 853//1625 860//1625
f 864//1626 857//1626 856//1626
f 864//1627 860//1627 861//1627
f 864//1628 865//1628 857//1628
f 866//1629 864//1629 861//1629
f 866//1630 865//1630 864//1630
f 867//1631 863//1631 859//1631
f 867//1632 859//1632 862//1632
f 868//1633 862//1633 623//1633
f 868//1634 867//1634 862//1634
f 869//1635 861//1635 858//1635
f 869//1636 858//1636 863//1636
f 870//1637 863//1637 867//1637
f 870//1638 869//1638 863//1638
f 871//1639 867//1639 868//1639
f 872//1640 866//1640 861//1640
f 872//1641 861//1641 869//1641
f 872//1642 865//1642 866//1642
f 872//1643 873//1643 865//1643
f 874//1644 623//1644 629//1644
f 874//1645 868//1645 623//1645
f 875//1646 872//1646 869//1646
f 875//1647 869//1647 870//1647
f 875//1648 873//1648 872//1648
f 876//1649 874//1649 629//1649
f 877//1650 875//1650 870//1650
f 877//1651 870//1651 867//1651
f 877//1652 867//1652 871//1652
f 878//1653 874//1653 876//1653
f 878//1654 871//1654 868//1654
f 878//1655 868//1655 874//1655
f 879//1656 878//1656 876//1656
f 880//1657 873//1657 875//1657
f 880//1658 881//1658 873//1658
f 880//1659 875//1659 877//1659
f 882//1660 877//1660 871//1660
f 882//1661 871//1661 878//1661
f 883//1662 876//1662 629//1662
f 883//1663 629//1663 630//1663
f 884//1664 883//1664 630//1664
f 885//1665 878//1665 879//1665
f 885//1666 882//1666 878//1666
f 886//1667 877//1667 882//1667
f 886//1668 881//1668 880//1668
f 886//1669 880//1669 877//1669
f 886//1670 882//1670 885//1670
f 887//1671 876//1671 883//1671
f 887//1672 879//1672 876//1672
f 888//1673 887//1673 883//1673
f 888//1674 883//1674 884//1674
f 889//1675 881//1675 886//1675
f 889//1676 886//1676 885//1676
f 889//1677 890//1677 881//1677
f 891//1678 885//1678 879//1678
f 891//1679 879//1679 887//1679
f 892//1680 884//1680 630//1680
f 892//1681 630//1681 635//1681
f 893//1682 887//1682 888//1682
f 893//1683 891//1683 887//1683
f 894//1684 889//1684 885//1684
f 894//1685 885//1685 891//1685
f 894//1686 890//1686 889//1686
f 895//1687 884//1687 892//1687
f 895//1688 888//1688 884//1688
f 895//1689 893//1689 888//1689
f 896//1690 891//1690 893//1690
f 896//1691 894//1691 891//1691
f 896//1692 890//1692 894//1692
f 896//1693 897//1693 890//1693
f 898//1694 896//1694 893//1694
f 898//1695 893//1695 895//1695
f 899//1696 895//1696 892//1696
f 899//1697 635//1697 641//1697
f 899//1698 892//1698 635//1698
f 900//1699 896//1699 898//1699
f 900//1700 897//1700 896//1700
f 901//1701 895//1701 899//1701
f 902//1702 898//1702 895//1702
f 902//1703 895//1703 901//1703
f 902//1704 900//1704 898//1704
f 903//1705 899//1705 641//1705
f 903//1706 641//1706 646//1706
f 904//1707 897//1707 900//1707
f 904//1708 900//1708 902//1708
f 904//1709 905//1709 897//1709
f 906//1710 901//1710 899//1710
f 906//1711 899//1711 903//1711
f 907//1712 903//1712 646//1712
f 907//1713 646//1713 647//1713
f 908//1714 902//1714 901//1714
f 908//1715 901//1715 906//1715
f 909//1716 906//1716 903//1716
f 909//1717 903//1717 907//1717
f 909//1718 908//1718 906//1718
f 910//1719 904//1719 902//1719
f 910//1720 905//1720 904//1720
f 910//1721 902//1721 908//1721
f 910//1722 911//1722 905//1722
f 912//1723 647//1723 652//1723
f 912//1724 907//1724 647//1724
f 913//1725 910//1725 908//1725
f 913//1726 908//1726 909//1726
f 914//1727 652//1727 658//1727
f 914//1728 912//1728 652//1728
f 915//1729 907//1729 912//1729
f 915//1730 909//1730 907//1730
f 916//1731 917//1731 911//1731
f 916//1732 911//1732 910//1732
f 916//1733 910//1733 913//1733
f 918//1734 912//1734 914//1734
f 918//1735 915//1735 912//1735
f 919//1736 914//1736 658//1736
f 920//1737 909//1737 915//1737
f 920//1738 913//1738 909//1738
f 921//1739 920//1739 915//1739
f 921//1740 915//1740 918//1740
f 922//1741 919//1741 658//1741
f 922//1742 658//1742 662//1742
f 923//1743 918//1743 914//1743
f 923//1744 914//1744 919//1744
f 923//1745 919//1745 922//1745
f 924//1746 917//1746 916//1746
f 924//1747 913//1747 920//1747
f 924//1748 925//1748 917//1748
f 924//1749 916//1749 913//1749
f 926//1750 920//1750 921//1750
f 926//1751 925//1751 924//1751
f 926//1752 924//1752 920//1752
f 927//1753 923//1753 922//1753
f 928//1754 922//1754 662//1754
f 929//1755 921//1755 918//1755
f 929//1756 918//1756 923//1756
f 930//1757 923//1757 927//1757
f 930//1758 929//1758 923//1758
f 931//1759 922//1759 928//1759
f 931//1760 927//1760 922//1760
f 932//1761 926//1761 921//1761
f 932//1762 921//1762 929//1762
f 932//1763 925//1763 926//1763
f 932//1764 929//1764 930//1764
f 932//1765 933//1765 925//1765
f 934//1766 928//1766 662//1766
f 934//1767 662//1767 663//1767
f 934//1768 931//1768 928//1768
f 935//1769 932//1769 930//1769
f 935//1770 933//1770 932//1770
f 936//1771 934//1771 663//1771
f 937//1772 930//1772 927//1772
f 937//1773 927//1773 931//1773
f 938//1774 931//1774 934//1774
f 939//1775 934//1775 936//1775
f 939//1776 938//1776 934//1776
f 940//1777 935//1777 930//1777
f 940//1778 930//1778 937//1778
f 940//1779 933//1779 935//1779
f 940//1780 941//1780 933//1780
f 942//1781 937//1781 931//1781
f 942//1782 940//1782 937//1782
f 942//1783 931//1783 938//1783
f 943//1784 663//1784 666//1784
f 943//1785 936//1785 663//1785
f 944//1786 942//1786 938//1786
f 944//1787 938//1787 939//1787
f 945//1788 940//1788 942//1788
f 945//1789 941//1789 940//1789
f 946//1790 939//1790 936//1790
f 946//1791 936//1791 943//1791
f 946//1792 944//1792 939//1792
f 947//1793 942//1793 944//1793
f 947//1794 945//1794 942//1794
f 947//1795 941//1795 945//1795
f 947//1796 948//1796 941//1796
f 949//1797 947//1797 944//1797
f 949//1798 944//1798 946//1798
f 950//1799 485//1799 668//1799
f 950//1800 666//1800 485//1800
f 950//1801 943//1801 666//1801
f 951//1802 948//1802 947//1802
f 951//1803 947//1803 949//1803
f 951//1804 670//1804 948//1804
f 952//1805 668//1805 674//1805
f 952//1806 946//1806 943//1806
f 952//1807 943//1807 950//1807
f 952//1808 950//1808 668//1808
f 953//1809 674//1809 677//1809
f 953//1810 946//1810 952//1810
f 953//1811 949//1811 946//1811
f 953//1812 952//1812 674//1812
f 954//1813 949//1813 953//1813
f 954//1814 677//1814 671//1814
f 954//1815 671//1815 670//1815
f 954//1816 951//1816 949//1816
f 954//1817 670//1817 951//1817
f 954//1818 953//1818 677//1818
f 591//1819 586//1819 597//1819
f 597//1820 603//1820 598//1820
f 586//1821 603//1821 597//1821
f 585//1822 580//1822 586//1822
f 586//1823 580//1823 603//1823
f 573//1824 568//1824 574//1824
f 574//1825 568//1825 580//1825
f 614//1826 620//1826 615//1826
f 603//1827 626//1827 608//1827
f 608//1828 626//1828 614//1828
f 620//1829 626//1829 625//1829
f 614//1830 626//1830 620//1830
f 557//1831 556//1831 563//1831
f 563//1832 556//1832 568//1832
f 568//1833 556//1833 580//1833
f 556//1834 551//1834 580//1834
f 626//1835 637//1835 632//1835
f 546//1836 545//1836 551//1836
f 637//1837 643//1837 638//1837
f 626//1838 643//1838 637//1838
f 643//1839 654//1839 649//1839
f 534//1840 529//1840 539//1840
f 539//1841 529//1841 545//1841
f 580//1842 529//1842 603//1842
f 551//1843 529//1843 580//1843
f 545//1844 529//1844 551//1844
f 626//1845 655//1845 643//1845
f 643//1846 655//1846 654//1846
f 528//1847 522//1847 529//1847
f 626//1848 517//1848 655//1848
f 529//1849 517//1849 603//1849
f 522//1850 517//1850 529//1850
f 603//1851 517//1851 626//1851
f 484//1852 480//1852 479//1852
f 517//1853 516//1853 655//1853
f 655//1854 516//1854 484//1854
f 487//1855 490//1855 489//1855
f 505//1856 504//1856 511//1856
f 511//1857 504//1857 516//1857
f 480//1858 499//1858 487//1858
f 490//1859 499//1859 494//1859
f 516//1860 499//1860 484//1860
f 484//1861 499//1861 480//1861
f 487//1862 499//1862 490//1862
f 504//1863 499//1863 516//1863
f 845//1864 851//1864 857//1864
f 865//1865 845//1865 857//1865
f 881//1866 865//1866 873//1866
f 805//1867 813//1867 821//1867
f 905//1868 890//1868 897//1868
f 791//1869 797//1869 805//1869
f 791//1870 821//1870 830//1870
f 791//1871 830//1871 837//1871
f 791//1872 805//1872 821//1872
f 785//1873 791//1873 837//1873
f 925//1874 911//1874 917//1874
f 770//1875 777//1875 785//1875
f 770//1876 837//1876 845//1876
f 770//1877 881//1877 890//1877
f 770//1878 905//1878 911//1878
f 770//1879 845//1879 865//1879
f 770//1880 865//1880 881//1880
f 770//1881 890//1881 905//1881
f 770//1882 785//1882 837//1882
f 941//1883 925//1883 933//1883
f 753//1884 761//1884 770//1884
f 753//1885 770//1885 911//1885
f 670//1886 941//1886 948//1886
f 670//1887 925//1887 941//1887
f 669//1888 911//1888 925//1888
f 669//1889 925//1889 670//1889
f 737//1890 745//1890 753//1890
f 725//1891 737//1891 753//1891
f 725//1892 731//1892 737//1892
f 725//1893 753//1893 911//1893
f 710//1894 669//1894 680//1894
f 710//1895 911//1895 669//1895
f 710//1896 680//1896 686//1896
f 710//1897 686//1897 693//1897
f 710//1898 693//1898 701//1898
f 710//1899 717//1899 725//1899
f 710//1900 725//1900 911//1900
